Timestamp,Ambient Temp ,Uncalibrated Raw Drift (g),Corrected Output (g),
4/23/2026 12:00,25,0,0,
4/23/2026 12:01,,-0.01,0,
4/23/2026 12:02,,0.01,0,
4/23/2026 12:03,,-0.05,0,
4/23/2026 12:04,,-0.01,0,
4/23/2026 12:05,,0,0,
4/23/2026 12:06,,0.03,0,
4/23/2026 12:07,,0,0,
4/23/2026 12:08,,0.02,0,
4/23/2026 12:09,,0.01,0,
4/23/2026 12:10,,-0.03,0,
4/23/2026 12:11,,0.03,0,
4/23/2026 12:12,,0.02,0,
4/23/2026 12:13,,0.02,0,
4/23/2026 12:14,,0.09,0,
4/23/2026 12:15,,-0.03,0,
4/23/2026 12:16,,0.05,0,
4/23/2026 12:17,,0.01,0,
4/23/2026 12:18,,0.03,0.01,
4/23/2026 12:19,,0.02,0.01,
4/23/2026 12:20,,0.01,0.01,
4/23/2026 12:21,,0.01,0.01,
4/23/2026 12:22,,0.03,0.01,
4/23/2026 12:23,,0,0.01,
4/23/2026 12:24,,0.04,0.01,
4/23/2026 12:25,,0.02,0.01,
4/23/2026 12:26,,0.01,0.01,
4/23/2026 12:27,,0.02,0.01,
4/23/2026 12:28,,0.06,0.01,
4/23/2026 12:29,,0.02,0.01,
4/23/2026 12:30,,0.04,0.01,
4/23/2026 12:31,,0.02,0.01,
4/23/2026 12:32,,0.05,0.01,
4/23/2026 12:33,,0.05,0.01,
4/23/2026 12:34,,0.07,0.01,
4/23/2026 12:35,,0.04,0.01,
4/23/2026 12:36,,0.05,0.01,
4/23/2026 12:37,,0.04,0.01,
4/23/2026 12:38,,0.07,0.01,
4/23/2026 12:39,,0.03,0.01,
4/23/2026 12:40,,0.06,0.01,
4/23/2026 12:41,,0.04,0.01,
4/23/2026 12:42,,0.05,0.01,
4/23/2026 12:43,,0.05,0.01,
4/23/2026 12:44,,0.05,0.01,
4/23/2026 12:45,,0.05,0.01,
4/23/2026 12:46,,0.06,0.01,
4/23/2026 12:47,,0.08,0.01,
4/23/2026 12:48,,0.07,0.01,
4/23/2026 12:49,,0.07,0.01,
4/23/2026 12:50,,0.05,0.01,
4/23/2026 12:51,,0.04,0.01,
4/23/2026 12:52,,0.08,0.01,
4/23/2026 12:53,,0.08,0.01,
4/23/2026 12:54,,0.09,0.02,
4/23/2026 12:55,,0.05,0.02,
4/23/2026 12:56,,0.06,0.02,
4/23/2026 12:57,,0.03,0.02,
4/23/2026 12:58,,0.06,0.02,
4/23/2026 12:59,,0.09,0.02,
4/23/2026 13:00,,0.06,0.02,
4/23/2026 13:01,,0.08,0.02,
4/23/2026 13:02,,0.07,0.02,
4/23/2026 13:03,,0.08,0.02,
4/23/2026 13:04,,0.05,0.02,
4/23/2026 13:05,,0.07,0.02,
4/23/2026 13:06,,0.01,0.02,
4/23/2026 13:07,,0.07,0.02,
4/23/2026 13:08,,0.04,0.02,
4/23/2026 13:09,,0.1,0.02,
4/23/2026 13:10,,0.09,0.02,
4/23/2026 13:11,,0.09,0.02,
4/23/2026 13:12,,0.11,0.02,
4/23/2026 13:13,,0.06,0.02,
4/23/2026 13:14,,0.12,0.02,
4/23/2026 13:15,,0.1,0.02,
4/23/2026 13:16,,0.08,0.02,
4/23/2026 13:17,,0.11,0.02,
4/23/2026 13:18,,0.06,0.02,
4/23/2026 13:19,,0.07,0.02,
4/23/2026 13:20,,0.08,0.02,
4/23/2026 13:21,,0.08,0.02,
4/23/2026 13:22,,0.07,0.02,
4/23/2026 13:23,,0.12,0.02,
4/23/2026 13:24,,0.09,0.02,
4/23/2026 13:25,,0.1,0.02,
4/23/2026 13:26,,0.08,0.02,
4/23/2026 13:27,,0.06,0.02,
4/23/2026 13:28,,0.1,0.02,
4/23/2026 13:29,,0.06,0.02,
4/23/2026 13:30,,0.1,0.02,
4/23/2026 13:31,,0.07,0.03,
4/23/2026 13:32,,0.14,0.03,
4/23/2026 13:33,,0.12,0.03,
4/23/2026 13:34,,0.11,0.03,
4/23/2026 13:35,,0.13,0.03,
4/23/2026 13:36,,0.09,0.03,
4/23/2026 13:37,,0.12,0.03,
4/23/2026 13:38,,0.11,0.03,
4/23/2026 13:39,,0.12,0.03,
4/23/2026 13:40,,0.14,0.03,
4/23/2026 13:41,,0.13,0.03,
4/23/2026 13:42,,0.12,0.03,
4/23/2026 13:43,,0.08,0.03,
4/23/2026 13:44,,0.1,0.03,
4/23/2026 13:45,,0.11,0.03,
4/23/2026 13:46,,0.12,0.03,
4/23/2026 13:47,,0.1,0.03,
4/23/2026 13:48,,0.17,0.03,
4/23/2026 13:49,,0.15,0.03,
4/23/2026 13:50,,0.13,0.03,
4/23/2026 13:51,,0.12,0.03,
4/23/2026 13:52,,0.12,0.03,
4/23/2026 13:53,,0.11,0.03,
4/23/2026 13:54,,0.13,0.03,
4/23/2026 13:55,,0.13,0.03,
4/23/2026 13:56,,0.1,0.03,
4/23/2026 13:57,,0.14,0.03,
4/23/2026 13:58,,0.13,0.03,
4/23/2026 13:59,,0.09,0.03,
4/23/2026 14:00,,0.12,0.03,
4/23/2026 14:01,,0.13,0.03,
4/23/2026 14:02,,0.17,0.03,
4/23/2026 14:03,,0.15,0.03,
4/23/2026 14:04,,0.11,0.03,
4/23/2026 14:05,,0.15,0.03,
4/23/2026 14:06,,0.11,0.03,
4/23/2026 14:07,,0.16,0.03,
4/23/2026 14:08,,0.13,0.03,
4/23/2026 14:09,,0.14,0.03,
4/23/2026 14:10,,0.17,0.04,
4/23/2026 14:11,,0.12,0.04,
4/23/2026 14:12,,0.12,0.04,
4/23/2026 14:13,,0.14,0.04,
4/23/2026 14:14,,0.17,0.04,
4/23/2026 14:15,,0.12,0.04,
4/23/2026 14:16,,0.09,0.04,
4/23/2026 14:17,,0.14,0.04,
4/23/2026 14:18,,0.16,0.04,
4/23/2026 14:19,,0.18,0.04,
4/23/2026 14:20,,0.15,0.04,
4/23/2026 14:21,,0.15,0.04,
4/23/2026 14:22,,0.18,0.04,
4/23/2026 14:23,,0.12,0.04,
4/23/2026 14:24,,0.15,0.04,
4/23/2026 14:25,,0.16,0.04,
4/23/2026 14:26,,0.17,0.04,
4/23/2026 14:27,,0.15,0.04,
4/23/2026 14:28,,0.17,0.04,
4/23/2026 14:29,,0.12,0.04,
4/23/2026 14:30,,0.15,0.04,
4/23/2026 14:31,,0.18,0.04,
4/23/2026 14:32,,0.15,0.04,
4/23/2026 14:33,,0.17,0.04,
4/23/2026 14:34,,0.18,0.04,
4/23/2026 14:35,,0.17,0.04,
4/23/2026 14:36,,0.18,0.04,
4/23/2026 14:37,,0.16,0.04,
4/23/2026 14:38,,0.17,0.04,
4/23/2026 14:39,,0.19,0.04,
4/23/2026 14:40,,0.18,0.04,
4/23/2026 14:41,,0.17,0.04,
4/23/2026 14:42,,0.18,0.04,
4/23/2026 14:43,,0.2,0.04,
4/23/2026 14:44,,0.14,0.04,
4/23/2026 14:45,,0.21,0.04,
4/23/2026 14:46,,0.18,0.04,
4/23/2026 14:47,,0.19,0.04,
4/23/2026 14:48,,0.21,0.04,
4/23/2026 14:49,,0.16,0.04,
4/23/2026 14:50,,0.17,0.04,
4/23/2026 14:51,,0.18,0.04,
4/23/2026 14:52,,0.18,0.04,
4/23/2026 14:53,,0.23,0.04,
4/23/2026 14:54,,0.18,0.04,
4/23/2026 14:55,,0.18,0.05,
4/23/2026 14:56,,0.2,0.05,
4/23/2026 14:57,,0.17,0.05,
4/23/2026 14:58,,0.19,0.05,
4/23/2026 14:59,,0.21,0.05,
4/23/2026 15:00,26.6,0.19,0.05,
4/23/2026 15:01,,0.2,0.05,
4/23/2026 15:02,,0.19,0.05,
4/23/2026 15:03,,0.17,0.05,
4/23/2026 15:04,,0.21,0.05,
4/23/2026 15:05,,0.24,0.05,
4/23/2026 15:06,,0.21,0.05,
4/23/2026 15:07,,0.21,0.05,
4/23/2026 15:08,,0.22,0.05,
4/23/2026 15:09,,0.18,0.05,
4/23/2026 15:10,,0.25,0.05,
4/23/2026 15:11,,0.22,0.05,
4/23/2026 15:12,,0.25,0.05,
4/23/2026 15:13,,0.2,0.05,
4/23/2026 15:14,,0.25,0.05,
4/23/2026 15:15,,0.23,0.05,
4/23/2026 15:16,,0.23,0.05,
4/23/2026 15:17,,0.22,0.05,
4/23/2026 15:18,,0.22,0.05,
4/23/2026 15:19,,0.25,0.05,
4/23/2026 15:20,,0.23,0.05,
4/23/2026 15:21,,0.18,0.05,
4/23/2026 15:22,,0.2,0.05,
4/23/2026 15:23,,0.22,0.05,
4/23/2026 15:24,,0.23,0.05,
4/23/2026 15:25,,0.23,0.05,
4/23/2026 15:26,,0.25,0.05,
4/23/2026 15:27,,0.19,0.05,
4/23/2026 15:28,,0.23,0.05,
4/23/2026 15:29,,0.2,0.05,
4/23/2026 15:30,,0.25,0.05,
4/23/2026 15:31,,0.23,0.05,
4/23/2026 15:32,,0.24,0.05,
4/23/2026 15:33,,0.22,0.05,
4/23/2026 15:34,,0.26,0.05,
4/23/2026 15:35,,0.26,0.05,
4/23/2026 15:36,,0.25,0.05,
4/23/2026 15:37,,0.24,0.05,
4/23/2026 15:38,,0.25,0.05,
4/23/2026 15:39,,0.23,0.05,
4/23/2026 15:40,,0.26,0.05,
4/23/2026 15:41,,0.28,0.05,
4/23/2026 15:42,,0.27,0.05,
4/23/2026 15:43,,0.23,0.05,
4/23/2026 15:44,,0.26,0.05,
4/23/2026 15:45,,0.22,0.05,
4/23/2026 15:46,,0.26,0.05,
4/23/2026 15:47,,0.26,0.05,
4/23/2026 15:48,,0.22,0.05,
4/23/2026 15:49,,0.23,0.05,
4/23/2026 15:50,,0.25,0.05,
4/23/2026 15:51,,0.25,0.06,
4/23/2026 15:52,,0.23,0.06,
4/23/2026 15:53,,0.27,0.06,
4/23/2026 15:54,,0.27,0.06,
4/23/2026 15:55,,0.26,0.06,
4/23/2026 15:56,,0.25,0.06,
4/23/2026 15:57,,0.28,0.06,
4/23/2026 15:58,,0.3,0.06,
4/23/2026 15:59,,0.26,0.06,
4/23/2026 16:00,,0.25,0.06,
4/23/2026 16:01,,0.28,0.06,
4/23/2026 16:02,,0.26,0.06,
4/23/2026 16:03,,0.27,0.06,
4/23/2026 16:04,,0.29,0.06,
4/23/2026 16:05,,0.23,0.06,
4/23/2026 16:06,,0.3,0.06,
4/23/2026 16:07,,0.28,0.06,
4/23/2026 16:08,,0.27,0.06,
4/23/2026 16:09,,0.27,0.06,
4/23/2026 16:10,,0.28,0.06,
4/23/2026 16:11,,0.24,0.06,
4/23/2026 16:12,,0.31,0.06,
4/23/2026 16:13,,0.28,0.06,
4/23/2026 16:14,,0.29,0.06,
4/23/2026 16:15,,0.3,0.06,
4/23/2026 16:16,,0.26,0.06,
4/23/2026 16:17,,0.3,0.06,
4/23/2026 16:18,,0.28,0.06,
4/23/2026 16:19,,0.3,0.06,
4/23/2026 16:20,,0.25,0.06,
4/23/2026 16:21,,0.29,0.06,
4/23/2026 16:22,,0.28,0.06,
4/23/2026 16:23,,0.3,0.06,
4/23/2026 16:24,,0.3,0.06,
4/23/2026 16:25,,0.28,0.06,
4/23/2026 16:26,,0.28,0.06,
4/23/2026 16:27,,0.29,0.06,
4/23/2026 16:28,,0.28,0.06,
4/23/2026 16:29,,0.32,0.06,
4/23/2026 16:30,,0.29,0.06,
4/23/2026 16:31,,0.24,0.06,
4/23/2026 16:32,,0.29,0.06,
4/23/2026 16:33,,0.28,0.06,
4/23/2026 16:34,,0.27,0.06,
4/23/2026 16:35,,0.28,0.06,
4/23/2026 16:36,,0.31,0.06,
4/23/2026 16:37,,0.33,0.06,
4/23/2026 16:38,,0.32,0.06,
4/23/2026 16:39,,0.3,0.06,
4/23/2026 16:40,,0.32,0.06,
4/23/2026 16:41,,0.3,0.06,
4/23/2026 16:42,,0.3,0.06,
4/23/2026 16:43,,0.29,0.06,
4/23/2026 16:44,,0.28,0.06,
4/23/2026 16:45,,0.31,0.06,
4/23/2026 16:46,,0.32,0.06,
4/23/2026 16:47,,0.32,0.06,
4/23/2026 16:48,,0.31,0.06,
4/23/2026 16:49,,0.3,0.06,
4/23/2026 16:50,,0.33,0.06,
4/23/2026 16:51,,0.3,0.06,
4/23/2026 16:52,,0.34,0.06,
4/23/2026 16:53,,0.31,0.06,
4/23/2026 16:54,,0.31,0.06,
4/23/2026 16:55,,0.3,0.06,
4/23/2026 16:56,,0.32,0.06,
4/23/2026 16:57,,0.35,0.06,
4/23/2026 16:58,,0.34,0.06,
4/23/2026 16:59,,0.35,0.06,
4/23/2026 17:00,,0.34,0.06,
4/23/2026 17:01,,0.31,0.06,
4/23/2026 17:02,,0.33,0.06,
4/23/2026 17:03,,0.32,0.06,
4/23/2026 17:04,,0.36,0.06,
4/23/2026 17:05,,0.31,0.06,
4/23/2026 17:06,,0.36,0.06,
4/23/2026 17:07,,0.36,0.06,
4/23/2026 17:08,,0.38,0.06,
4/23/2026 17:09,,0.34,0.06,
4/23/2026 17:10,,0.36,0.06,
4/23/2026 17:11,,0.39,0.06,
4/23/2026 17:12,,0.33,0.06,
4/23/2026 17:13,,0.32,0.06,
4/23/2026 17:14,,0.31,0.06,
4/23/2026 17:15,,0.36,0.06,
4/23/2026 17:16,,0.31,0.06,
4/23/2026 17:17,,0.34,0.06,
4/23/2026 17:18,,0.36,0.06,
4/23/2026 17:19,,0.36,0.06,
4/23/2026 17:20,,0.36,0.06,
4/23/2026 17:21,,0.36,0.06,
4/23/2026 17:22,,0.38,0.06,
4/23/2026 17:23,,0.34,0.06,
4/23/2026 17:24,,0.35,0.06,
4/23/2026 17:25,,0.35,0.06,
4/23/2026 17:26,,0.38,0.06,
4/23/2026 17:27,,0.38,0.06,
4/23/2026 17:28,,0.37,0.06,
4/23/2026 17:29,,0.39,0.06,
4/23/2026 17:30,,0.34,0.06,
4/23/2026 17:31,,0.4,0.06,
4/23/2026 17:32,,0.4,0.06,
4/23/2026 17:33,,0.38,0.06,
4/23/2026 17:34,,0.41,0.06,
4/23/2026 17:35,,0.34,0.06,
4/23/2026 17:36,,0.36,0.06,
4/23/2026 17:37,,0.36,0.06,
4/23/2026 17:38,,0.39,0.06,
4/23/2026 17:39,,0.36,0.06,
4/23/2026 17:40,,0.39,0.06,
4/23/2026 17:41,,0.41,0.06,
4/23/2026 17:42,,0.39,0.06,
4/23/2026 17:43,,0.39,0.06,
4/23/2026 17:44,,0.36,0.07,
4/23/2026 17:45,,0.37,0.07,
4/23/2026 17:46,,0.41,0.07,
4/23/2026 17:47,,0.4,0.07,
4/23/2026 17:48,,0.39,0.07,
4/23/2026 17:49,,0.38,0.07,
4/23/2026 17:50,,0.35,0.07,
4/23/2026 17:51,,0.37,0.07,
4/23/2026 17:52,,0.43,0.07,
4/23/2026 17:53,,0.37,0.07,
4/23/2026 17:54,,0.4,0.07,
4/23/2026 17:55,,0.41,0.07,
4/23/2026 17:56,,0.37,0.07,
4/23/2026 17:57,,0.4,0.07,
4/23/2026 17:58,,0.42,0.07,
4/23/2026 17:59,,0.4,0.07,
4/23/2026 18:00,27.2,0.46,0.07,
4/23/2026 18:01,,0.37,0.07,
4/23/2026 18:02,,0.42,0.07,
4/23/2026 18:03,,0.4,0.07,
4/23/2026 18:04,,0.42,0.07,
4/23/2026 18:05,,0.41,0.07,
4/23/2026 18:06,,0.39,0.07,
4/23/2026 18:07,,0.41,0.07,
4/23/2026 18:08,,0.37,0.07,
4/23/2026 18:09,,0.42,0.07,
4/23/2026 18:10,,0.42,0.07,
4/23/2026 18:11,,0.42,0.07,
4/23/2026 18:12,,0.43,0.07,
4/23/2026 18:13,,0.42,0.07,
4/23/2026 18:14,,0.42,0.07,
4/23/2026 18:15,,0.4,0.07,
4/23/2026 18:16,,0.4,0.07,
4/23/2026 18:17,,0.44,0.06,
4/23/2026 18:18,,0.45,0.06,
4/23/2026 18:19,,0.42,0.06,
4/23/2026 18:20,,0.42,0.06,
4/23/2026 18:21,,0.41,0.06,
4/23/2026 18:22,,0.45,0.06,
4/23/2026 18:23,,0.44,0.06,
4/23/2026 18:24,,0.47,0.06,
4/23/2026 18:25,,0.41,0.06,
4/23/2026 18:26,,0.42,0.06,
4/23/2026 18:27,,0.43,0.06,
4/23/2026 18:28,,0.44,0.06,
4/23/2026 18:29,,0.43,0.06,
4/23/2026 18:30,,0.42,0.06,
4/23/2026 18:31,,0.45,0.06,
4/23/2026 18:32,,0.45,0.06,
4/23/2026 18:33,,0.42,0.06,
4/23/2026 18:34,,0.46,0.06,
4/23/2026 18:35,,0.46,0.06,
4/23/2026 18:36,,0.44,0.06,
4/23/2026 18:37,,0.44,0.06,
4/23/2026 18:38,,0.45,0.06,
4/23/2026 18:39,,0.43,0.06,
4/23/2026 18:40,,0.45,0.06,
4/23/2026 18:41,,0.4,0.06,
4/23/2026 18:42,,0.46,0.06,
4/23/2026 18:43,,0.42,0.06,
4/23/2026 18:44,,0.48,0.06,
4/23/2026 18:45,,0.44,0.06,
4/23/2026 18:46,,0.45,0.06,
4/23/2026 18:47,,0.44,0.06,
4/23/2026 18:48,,0.45,0.06,
4/23/2026 18:49,,0.48,0.06,
4/23/2026 18:50,,0.41,0.06,
4/23/2026 18:51,,0.48,0.06,
4/23/2026 18:52,,0.46,0.06,
4/23/2026 18:53,,0.43,0.06,
4/23/2026 18:54,,0.44,0.06,
4/23/2026 18:55,,0.49,0.06,
4/23/2026 18:56,,0.44,0.06,
4/23/2026 18:57,,0.44,0.06,
4/23/2026 18:58,,0.49,0.06,
4/23/2026 18:59,,0.47,0.06,
4/23/2026 19:00,,0.45,0.06,
4/23/2026 19:01,,0.47,0.06,
4/23/2026 19:02,,0.45,0.06,
4/23/2026 19:03,,0.49,0.06,
4/23/2026 19:04,,0.49,0.06,
4/23/2026 19:05,,0.48,0.06,
4/23/2026 19:06,,0.48,0.06,
4/23/2026 19:07,,0.51,0.06,
4/23/2026 19:08,,0.48,0.06,
4/23/2026 19:09,,0.45,0.06,
4/23/2026 19:10,,0.49,0.06,
4/23/2026 19:11,,0.52,0.06,
4/23/2026 19:12,,0.46,0.06,
4/23/2026 19:13,,0.47,0.06,
4/23/2026 19:14,,0.49,0.06,
4/23/2026 19:15,,0.48,0.06,
4/23/2026 19:16,,0.46,0.06,
4/23/2026 19:17,,0.51,0.06,
4/23/2026 19:18,,0.53,0.06,
4/23/2026 19:19,,0.49,0.06,
4/23/2026 19:20,,0.47,0.06,
4/23/2026 19:21,,0.46,0.06,
4/23/2026 19:22,,0.5,0.06,
4/23/2026 19:23,,0.51,0.06,
4/23/2026 19:24,,0.5,0.06,
4/23/2026 19:25,,0.49,0.06,
4/23/2026 19:26,,0.48,0.06,
4/23/2026 19:27,,0.47,0.06,
4/23/2026 19:28,,0.51,0.06,
4/23/2026 19:29,,0.52,0.06,
4/23/2026 19:30,,0.47,0.06,
4/23/2026 19:31,,0.53,0.06,
4/23/2026 19:32,,0.51,0.06,
4/23/2026 19:33,,0.53,0.06,
4/23/2026 19:34,,0.48,0.06,
4/23/2026 19:35,,0.48,0.06,
4/23/2026 19:36,,0.5,0.06,
4/23/2026 19:37,,0.52,0.06,
4/23/2026 19:38,,0.54,0.06,
4/23/2026 19:39,,0.52,0.06,
4/23/2026 19:40,,0.51,0.06,
4/23/2026 19:41,,0.49,0.06,
4/23/2026 19:42,,0.54,0.06,
4/23/2026 19:43,,0.5,0.06,
4/23/2026 19:44,,0.55,0.06,
4/23/2026 19:45,,0.51,0.06,
4/23/2026 19:46,,0.55,0.06,
4/23/2026 19:47,,0.53,0.06,
4/23/2026 19:48,,0.52,0.06,
4/23/2026 19:49,,0.51,0.06,
4/23/2026 19:50,,0.52,0.06,
4/23/2026 19:51,,0.53,0.06,
4/23/2026 19:52,,0.53,0.06,
4/23/2026 19:53,,0.51,0.06,
4/23/2026 19:54,,0.52,0.06,
4/23/2026 19:55,,0.53,0.06,
4/23/2026 19:56,,0.49,0.06,
4/23/2026 19:57,,0.54,0.06,
4/23/2026 19:58,,0.51,0.06,
4/23/2026 19:59,,0.51,0.06,
4/23/2026 20:00,,0.5,0.06,
4/23/2026 20:01,,0.5,0.06,
4/23/2026 20:02,,0.51,0.06,
4/23/2026 20:03,,0.52,0.06,
4/23/2026 20:04,,0.58,0.06,
4/23/2026 20:05,,0.53,0.06,
4/23/2026 20:06,,0.54,0.06,
4/23/2026 20:07,,0.55,0.06,
4/23/2026 20:08,,0.54,0.06,
4/23/2026 20:09,,0.54,0.06,
4/23/2026 20:10,,0.52,0.05,
4/23/2026 20:11,,0.57,0.05,
4/23/2026 20:12,,0.58,0.05,
4/23/2026 20:13,,0.51,0.05,
4/23/2026 20:14,,0.53,0.05,
4/23/2026 20:15,,0.54,0.05,
4/23/2026 20:16,,0.53,0.05,
4/23/2026 20:17,,0.56,0.05,
4/23/2026 20:18,,0.54,0.05,
4/23/2026 20:19,,0.6,0.05,
4/23/2026 20:20,,0.58,0.05,
4/23/2026 20:21,,0.56,0.05,
4/23/2026 20:22,,0.58,0.05,
4/23/2026 20:23,,0.58,0.05,
4/23/2026 20:24,,0.55,0.05,
4/23/2026 20:25,,0.54,0.05,
4/23/2026 20:26,,0.56,0.05,
4/23/2026 20:27,,0.58,0.05,
4/23/2026 20:28,,0.57,0.05,
4/23/2026 20:29,,0.53,0.05,
4/23/2026 20:30,,0.55,0.05,
4/23/2026 20:31,,0.57,0.05,
4/23/2026 20:32,,0.57,0.05,
4/23/2026 20:33,,0.61,0.05,
4/23/2026 20:34,,0.54,0.05,
4/23/2026 20:35,,0.58,0.05,
4/23/2026 20:36,,0.6,0.05,
4/23/2026 20:37,,0.62,0.05,
4/23/2026 20:38,,0.57,0.05,
4/23/2026 20:39,,0.59,0.05,
4/23/2026 20:40,,0.59,0.05,
4/23/2026 20:41,,0.58,0.05,
4/23/2026 20:42,,0.58,0.05,
4/23/2026 20:43,,0.59,0.05,
4/23/2026 20:44,,0.53,0.05,
4/23/2026 20:45,,0.6,0.05,
4/23/2026 20:46,,0.59,0.05,
4/23/2026 20:47,,0.58,0.05,
4/23/2026 20:48,,0.63,0.05,
4/23/2026 20:49,,0.57,0.05,
4/23/2026 20:50,,0.58,0.05,
4/23/2026 20:51,,0.63,0.05,
4/23/2026 20:52,,0.57,0.05,
4/23/2026 20:53,,0.58,0.05,
4/23/2026 20:54,,0.59,0.05,
4/23/2026 20:55,,0.61,0.05,
4/23/2026 20:56,,0.6,0.05,
4/23/2026 20:57,,0.57,0.05,
4/23/2026 20:58,,0.59,0.05,
4/23/2026 20:59,,0.59,0.05,
4/23/2026 21:00,27.1,0.6,0.05,
4/23/2026 21:01,,0.61,0.05,
4/23/2026 21:02,,0.61,0.05,
4/23/2026 21:03,,0.57,0.05,
4/23/2026 21:04,,0.63,0.05,
4/23/2026 21:05,,0.61,0.05,
4/23/2026 21:06,,0.63,0.04,
4/23/2026 21:07,,0.62,0.04,
4/23/2026 21:08,,0.63,0.04,
4/23/2026 21:09,,0.62,0.04,
4/23/2026 21:10,,0.64,0.04,
4/23/2026 21:11,,0.62,0.04,
4/23/2026 21:12,,0.61,0.04,
4/23/2026 21:13,,0.66,0.04,
4/23/2026 21:14,,0.63,0.04,
4/23/2026 21:15,,0.63,0.04,
4/23/2026 21:16,,0.59,0.04,
4/23/2026 21:17,,0.59,0.04,
4/23/2026 21:18,,0.63,0.04,
4/23/2026 21:19,,0.62,0.04,
4/23/2026 21:20,,0.61,0.04,
4/23/2026 21:21,,0.63,0.04,
4/23/2026 21:22,,0.66,0.04,
4/23/2026 21:23,,0.64,0.04,
4/23/2026 21:24,,0.6,0.04,
4/23/2026 21:25,,0.63,0.04,
4/23/2026 21:26,,0.61,0.04,
4/23/2026 21:27,,0.62,0.04,
4/23/2026 21:28,,0.62,0.04,
4/23/2026 21:29,,0.62,0.04,
4/23/2026 21:30,,0.61,0.04,
4/23/2026 21:31,,0.63,0.04,
4/23/2026 21:32,,0.62,0.04,
4/23/2026 21:33,,0.58,0.04,
4/23/2026 21:34,,0.68,0.04,
4/23/2026 21:35,,0.66,0.04,
4/23/2026 21:36,,0.63,0.04,
4/23/2026 21:37,,0.64,0.04,
4/23/2026 21:38,,0.62,0.04,
4/23/2026 21:39,,0.68,0.04,
4/23/2026 21:40,,0.68,0.04,
4/23/2026 21:41,,0.65,0.04,
4/23/2026 21:42,,0.67,0.04,
4/23/2026 21:43,,0.65,0.04,
4/23/2026 21:44,,0.62,0.04,
4/23/2026 21:45,,0.64,0.04,
4/23/2026 21:46,,0.65,0.04,
4/23/2026 21:47,,0.64,0.04,
4/23/2026 21:48,,0.65,0.04,
4/23/2026 21:49,,0.65,0.04,
4/23/2026 21:50,,0.65,0.04,
4/23/2026 21:51,,0.66,0.03,
4/23/2026 21:52,,0.64,0.03,
4/23/2026 21:53,,0.64,0.03,
4/23/2026 21:54,,0.63,0.03,
4/23/2026 21:55,,0.68,0.03,
4/23/2026 21:56,,0.62,0.03,
4/23/2026 21:57,,0.69,0.03,
4/23/2026 21:58,,0.69,0.03,
4/23/2026 21:59,,0.66,0.03,
4/23/2026 22:00,,0.61,0.03,
4/23/2026 22:01,,0.66,0.03,
4/23/2026 22:02,,0.67,0.03,
4/23/2026 22:03,,0.65,0.03,
4/23/2026 22:04,,0.66,0.03,
4/23/2026 22:05,,0.7,0.03,
4/23/2026 22:06,,0.69,0.03,
4/23/2026 22:07,,0.66,0.03,
4/23/2026 22:08,,0.64,0.03,
4/23/2026 22:09,,0.67,0.03,
4/23/2026 22:10,,0.67,0.03,
4/23/2026 22:11,,0.69,0.03,
4/23/2026 22:12,,0.67,0.03,
4/23/2026 22:13,,0.69,0.03,
4/23/2026 22:14,,0.72,0.03,
4/23/2026 22:15,,0.7,0.03,
4/23/2026 22:16,,0.68,0.03,
4/23/2026 22:17,,0.68,0.03,
4/23/2026 22:18,,0.68,0.03,
4/23/2026 22:19,,0.71,0.03,
4/23/2026 22:20,,0.68,0.03,
4/23/2026 22:21,,0.69,0.03,
4/23/2026 22:22,,0.69,0.03,
4/23/2026 22:23,,0.68,0.03,
4/23/2026 22:24,,0.67,0.03,
4/23/2026 22:25,,0.7,0.03,
4/23/2026 22:26,,0.69,0.03,
4/23/2026 22:27,,0.71,0.03,
4/23/2026 22:28,,0.69,0.03,
4/23/2026 22:29,,0.72,0.03,
4/23/2026 22:30,,0.68,0.02,
4/23/2026 22:31,,0.74,0.02,
4/23/2026 22:32,,0.67,0.02,
4/23/2026 22:33,,0.71,0.02,
4/23/2026 22:34,,0.71,0.02,
4/23/2026 22:35,,0.69,0.02,
4/23/2026 22:36,,0.72,0.02,
4/23/2026 22:37,,0.73,0.02,
4/23/2026 22:38,,0.66,0.02,
4/23/2026 22:39,,0.72,0.02,
4/23/2026 22:40,,0.66,0.02,
4/23/2026 22:41,,0.69,0.02,
4/23/2026 22:42,,0.75,0.02,
4/23/2026 22:43,,0.7,0.02,
4/23/2026 22:44,,0.69,0.02,
4/23/2026 22:45,,0.71,0.02,
4/23/2026 22:46,,0.76,0.02,
4/23/2026 22:47,,0.68,0.02,
4/23/2026 22:48,,0.7,0.02,
4/23/2026 22:49,,0.75,0.02,
4/23/2026 22:50,,0.76,0.02,
4/23/2026 22:51,,0.72,0.02,
4/23/2026 22:52,,0.7,0.02,
4/23/2026 22:53,,0.77,0.02,
4/23/2026 22:54,,0.76,0.02,
4/23/2026 22:55,,0.74,0.02,
4/23/2026 22:56,,0.71,0.02,
4/23/2026 22:57,,0.73,0.02,
4/23/2026 22:58,,0.73,0.02,
4/23/2026 22:59,,0.74,0.02,
4/23/2026 23:00,,0.76,0.02,
4/23/2026 23:01,,0.75,0.02,
4/23/2026 23:02,,0.71,0.02,
4/23/2026 23:03,,0.76,0.02,
4/23/2026 23:04,,0.74,0.02,
4/23/2026 23:05,,0.75,0.02,
4/23/2026 23:06,,0.77,0.02,
4/23/2026 23:07,,0.72,0.01,
4/23/2026 23:08,,0.74,0.01,
4/23/2026 23:09,,0.73,0.01,
4/23/2026 23:10,,0.71,0.01,
4/23/2026 23:11,,0.75,0.01,
4/23/2026 23:12,,0.8,0.01,
4/23/2026 23:13,,0.71,0.01,
4/23/2026 23:14,,0.75,0.01,
4/23/2026 23:15,,0.76,0.01,
4/23/2026 23:16,,0.75,0.01,
4/23/2026 23:17,,0.75,0.01,
4/23/2026 23:18,,0.73,0.01,
4/23/2026 23:19,,0.76,0.01,
4/23/2026 23:20,,0.74,0.01,
4/23/2026 23:21,,0.71,0.01,
4/23/2026 23:22,,0.78,0.01,
4/23/2026 23:23,,0.78,0.01,
4/23/2026 23:24,,0.76,0.01,
4/23/2026 23:25,,0.77,0.01,
4/23/2026 23:26,,0.78,0.01,
4/23/2026 23:27,,0.77,0.01,
4/23/2026 23:28,,0.78,0.01,
4/23/2026 23:29,,0.76,0.01,
4/23/2026 23:30,,0.79,0.01,
4/23/2026 23:31,,0.77,0.01,
4/23/2026 23:32,,0.77,0.01,
4/23/2026 23:33,,0.74,0.01,
4/23/2026 23:34,,0.78,0.01,
4/23/2026 23:35,,0.76,0.01,
4/23/2026 23:36,,0.76,0.01,
4/23/2026 23:37,,0.76,0.01,
4/23/2026 23:38,,0.75,0.01,
4/23/2026 23:39,,0.82,0.01,
4/23/2026 23:40,,0.8,0.01,
4/23/2026 23:41,,0.82,0.01,
4/23/2026 23:42,,0.76,0.01,
4/23/2026 23:43,,0.78,0,
4/23/2026 23:44,,0.76,0,
4/23/2026 23:45,,0.77,0,
4/23/2026 23:46,,0.77,0,
4/23/2026 23:47,,0.81,0,
4/23/2026 23:48,,0.78,0,
4/23/2026 23:49,,0.81,0,
4/23/2026 23:50,,0.8,0,
4/23/2026 23:51,,0.84,0,
4/23/2026 23:52,,0.76,0,
4/23/2026 23:53,,0.82,0,
4/23/2026 23:54,,0.82,0,
4/23/2026 23:55,,0.77,0,
4/23/2026 23:56,,0.82,0,
4/23/2026 23:57,,0.8,0,
4/23/2026 23:58,,0.79,0,
4/23/2026 23:59,,0.78,0,
4/24/2026 0:00,26.5,0.8,0,
4/24/2026 0:01,,0.84,0,
4/24/2026 0:02,,0.8,0,
4/24/2026 0:03,,0.82,0,
4/24/2026 0:04,,0.79,0,
4/24/2026 0:05,,0.79,0,
4/24/2026 0:06,,0.83,0,
4/24/2026 0:07,,0.78,0,
4/24/2026 0:08,,0.8,0,
4/24/2026 0:09,,0.81,0,
4/24/2026 0:10,,0.81,0,
4/24/2026 0:11,,0.81,0,
4/24/2026 0:12,,0.82,0,
4/24/2026 0:13,,0.83,0,
4/24/2026 0:14,,0.83,0,
4/24/2026 0:15,,0.79,0,
4/24/2026 0:16,,0.81,0,
4/24/2026 0:17,,0.84,0.01,
4/24/2026 0:18,,0.84,0.01,
4/24/2026 0:19,,0.79,0.01,
4/24/2026 0:20,,0.83,0.01,
4/24/2026 0:21,,0.78,0.01,
4/24/2026 0:22,,0.82,0.01,
4/24/2026 0:23,,0.86,0.01,
4/24/2026 0:24,,0.8,0.01,
4/24/2026 0:25,,0.81,0.01,
4/24/2026 0:26,,0.84,0.01,
4/24/2026 0:27,,0.8,0.01,
4/24/2026 0:28,,0.81,0.01,
4/24/2026 0:29,,0.84,0.01,
4/24/2026 0:30,,0.82,0.01,
4/24/2026 0:31,,0.83,0.01,
4/24/2026 0:32,,0.85,0.01,
4/24/2026 0:33,,0.84,0.01,
4/24/2026 0:34,,0.84,0.01,
4/24/2026 0:35,,0.83,0.01,
4/24/2026 0:36,,0.84,0.01,
4/24/2026 0:37,,0.83,0.01,
4/24/2026 0:38,,0.85,0.01,
4/24/2026 0:39,,0.83,0.01,
4/24/2026 0:40,,0.84,0.01,
4/24/2026 0:41,,0.82,0.01,
4/24/2026 0:42,,0.84,0.01,
4/24/2026 0:43,,0.83,0.01,
4/24/2026 0:44,,0.82,0.01,
4/24/2026 0:45,,0.85,0.01,
4/24/2026 0:46,,0.85,0.01,
4/24/2026 0:47,,0.86,0.01,
4/24/2026 0:48,,0.84,0.01,
4/24/2026 0:49,,0.86,0.01,
4/24/2026 0:50,,0.86,0.01,
4/24/2026 0:51,,0.86,0.02,
4/24/2026 0:52,,0.83,0.02,
4/24/2026 0:53,,0.85,0.02,
4/24/2026 0:54,,0.86,0.02,
4/24/2026 0:55,,0.85,0.02,
4/24/2026 0:56,,0.81,0.02,
4/24/2026 0:57,,0.86,0.02,
4/24/2026 0:58,,0.9,0.02,
4/24/2026 0:59,,0.85,0.02,
4/24/2026 1:00,,0.84,0.02,
4/24/2026 1:01,,0.87,0.02,
4/24/2026 1:02,,0.87,0.02,
4/24/2026 1:03,,0.89,0.02,
4/24/2026 1:04,,0.84,0.02,
4/24/2026 1:05,,0.88,0.02,
4/24/2026 1:06,,0.88,0.02,
4/24/2026 1:07,,0.86,0.02,
4/24/2026 1:08,,0.87,0.02,
4/24/2026 1:09,,0.89,0.02,
4/24/2026 1:10,,0.89,0.02,
4/24/2026 1:11,,0.85,0.02,
4/24/2026 1:12,,0.89,0.02,
4/24/2026 1:13,,0.87,0.02,
4/24/2026 1:14,,0.87,0.02,
4/24/2026 1:15,,0.87,0.02,
4/24/2026 1:16,,0.87,0.02,
4/24/2026 1:17,,0.9,0.02,
4/24/2026 1:18,,0.87,0.02,
4/24/2026 1:19,,0.85,0.02,
4/24/2026 1:20,,0.87,0.02,
4/24/2026 1:21,,0.88,0.02,
4/24/2026 1:22,,0.9,0.02,
4/24/2026 1:23,,0.89,0.02,
4/24/2026 1:24,,0.86,0.02,
4/24/2026 1:25,,0.93,0.02,
4/24/2026 1:26,,0.89,0.02,
4/24/2026 1:27,,0.91,0.03,
4/24/2026 1:28,,0.88,0.03,
4/24/2026 1:29,,0.9,0.03,
4/24/2026 1:30,,0.9,0.03,
4/24/2026 1:31,,0.91,0.03,
4/24/2026 1:32,,0.91,0.03,
4/24/2026 1:33,,0.91,0.03,
4/24/2026 1:34,,0.89,0.03,
4/24/2026 1:35,,0.88,0.03,
4/24/2026 1:36,,0.9,0.03,
4/24/2026 1:37,,0.91,0.03,
4/24/2026 1:38,,0.89,0.03,
4/24/2026 1:39,,0.92,0.03,
4/24/2026 1:40,,0.93,0.03,
4/24/2026 1:41,,0.88,0.03,
4/24/2026 1:42,,0.88,0.03,
4/24/2026 1:43,,0.9,0.03,
4/24/2026 1:44,,0.91,0.03,
4/24/2026 1:45,,0.89,0.03,
4/24/2026 1:46,,0.93,0.03,
4/24/2026 1:47,,0.91,0.03,
4/24/2026 1:48,,0.91,0.03,
4/24/2026 1:49,,0.88,0.03,
4/24/2026 1:50,,0.88,0.03,
4/24/2026 1:51,,0.91,0.03,
4/24/2026 1:52,,0.87,0.03,
4/24/2026 1:53,,0.93,0.03,
4/24/2026 1:54,,0.91,0.03,
4/24/2026 1:55,,0.98,0.03,
4/24/2026 1:56,,0.96,0.03,
4/24/2026 1:57,,0.91,0.03,
4/24/2026 1:58,,0.91,0.03,
4/24/2026 1:59,,0.94,0.03,
4/24/2026 2:00,,0.95,0.03,
4/24/2026 2:01,,0.88,0.03,
4/24/2026 2:02,,0.88,0.03,
4/24/2026 2:03,,0.91,0.03,
4/24/2026 2:04,,0.93,0.04,
4/24/2026 2:05,,0.93,0.04,
4/24/2026 2:06,,0.94,0.04,
4/24/2026 2:07,,0.9,0.04,
4/24/2026 2:08,,0.88,0.04,
4/24/2026 2:09,,0.94,0.04,
4/24/2026 2:10,,0.91,0.04,
4/24/2026 2:11,,0.89,0.04,
4/24/2026 2:12,,0.93,0.04,
4/24/2026 2:13,,0.95,0.04,
4/24/2026 2:14,,0.93,0.04,
4/24/2026 2:15,,0.92,0.04,
4/24/2026 2:16,,0.93,0.04,
4/24/2026 2:17,,0.93,0.04,
4/24/2026 2:18,,0.91,0.04,
4/24/2026 2:19,,0.92,0.04,
4/24/2026 2:20,,0.95,0.04,
4/24/2026 2:21,,0.94,0.04,
4/24/2026 2:22,,0.94,0.04,
4/24/2026 2:23,,0.92,0.04,
4/24/2026 2:24,,0.94,0.04,
4/24/2026 2:25,,0.9,0.04,
4/24/2026 2:26,,0.95,0.04,
4/24/2026 2:27,,0.97,0.04,
4/24/2026 2:28,,0.91,0.04,
4/24/2026 2:29,,0.93,0.04,
4/24/2026 2:30,,0.95,0.04,
4/24/2026 2:31,,0.97,0.04,
4/24/2026 2:32,,0.94,0.04,
4/24/2026 2:33,,0.93,0.04,
4/24/2026 2:34,,0.91,0.04,
4/24/2026 2:35,,0.95,0.04,
4/24/2026 2:36,,0.99,0.04,
4/24/2026 2:37,,0.96,0.04,
4/24/2026 2:38,,0.95,0.04,
4/24/2026 2:39,,0.96,0.04,
4/24/2026 2:40,,0.96,0.04,
4/24/2026 2:41,,0.94,0.04,
4/24/2026 2:42,,0.97,0.04,
4/24/2026 2:43,,0.96,0.04,
4/24/2026 2:44,,0.96,0.04,
4/24/2026 2:45,,0.94,0.04,
4/24/2026 2:46,,0.99,0.05,
4/24/2026 2:47,,0.98,0.05,
4/24/2026 2:48,,0.95,0.05,
4/24/2026 2:49,,0.98,0.05,
4/24/2026 2:50,,0.96,0.05,
4/24/2026 2:51,,0.95,0.05,
4/24/2026 2:52,,0.95,0.05,
4/24/2026 2:53,,0.93,0.05,
4/24/2026 2:54,,0.98,0.05,
4/24/2026 2:55,,0.93,0.05,
4/24/2026 2:56,,0.95,0.05,
4/24/2026 2:57,,0.93,0.05,
4/24/2026 2:58,,0.97,0.05,
4/24/2026 2:59,,0.97,0.05,
4/24/2026 3:00,,0.97,0.05,
4/24/2026 3:01,,0.96,0.05,
4/24/2026 3:02,,0.95,0.05,
4/24/2026 3:03,,0.99,0.05,
4/24/2026 3:04,,0.97,0.05,
4/24/2026 3:05,,0.99,0.05,
4/24/2026 3:06,,0.96,0.05,
4/24/2026 3:07,,0.99,0.05,
4/24/2026 3:08,,1.01,0.05,
4/24/2026 3:09,,1,0.05,
4/24/2026 3:10,,0.98,0.05,
4/24/2026 3:11,,0.99,0.05,
4/24/2026 3:12,,0.98,0.05,
4/24/2026 3:13,,0.99,0.05,
4/24/2026 3:14,,0.98,0.05,
4/24/2026 3:15,,0.99,0.05,
4/24/2026 3:16,,0.99,0.05,
4/24/2026 3:17,,0.97,0.05,
4/24/2026 3:18,,0.97,0.05,
4/24/2026 3:19,,0.97,0.05,
4/24/2026 3:20,,0.96,0.05,
4/24/2026 3:21,,0.97,0.05,
4/24/2026 3:22,,1,0.05,
4/24/2026 3:23,,0.98,0.05,
4/24/2026 3:24,,1.01,0.05,
4/24/2026 3:25,,1,0.05,
4/24/2026 3:26,,0.96,0.05,
4/24/2026 3:27,,1.01,0.05,
4/24/2026 3:28,,1.02,0.05,
4/24/2026 3:29,,0.98,0.05,
4/24/2026 3:30,,1.01,0.05,
4/24/2026 3:31,,0.99,0.05,
4/24/2026 3:32,,1.01,0.05,
4/24/2026 3:33,,0.98,0.05,
4/24/2026 3:34,,0.97,0.05,
4/24/2026 3:35,,1,0.05,
4/24/2026 3:36,,1.01,0.06,
4/24/2026 3:37,,1,0.06,
4/24/2026 3:38,,0.99,0.06,
4/24/2026 3:39,,1,0.06,
4/24/2026 3:40,,1.02,0.06,
4/24/2026 3:41,,1.01,0.06,
4/24/2026 3:42,,1.02,0.06,
4/24/2026 3:43,,1,0.06,
4/24/2026 3:44,,1.04,0.06,
4/24/2026 3:45,,1,0.06,
4/24/2026 3:46,,1.03,0.06,
4/24/2026 3:47,,1.04,0.06,
4/24/2026 3:48,,1.03,0.06,
4/24/2026 3:49,,1.02,0.06,
4/24/2026 3:50,,1.01,0.06,
4/24/2026 3:51,,1.05,0.06,
4/24/2026 3:52,,1,0.06,
4/24/2026 3:53,,1.01,0.06,
4/24/2026 3:54,,1.02,0.06,
4/24/2026 3:55,,1.05,0.06,
4/24/2026 3:56,,1.04,0.06,
4/24/2026 3:57,,1.01,0.06,
4/24/2026 3:58,,1.03,0.06,
4/24/2026 3:59,,1.02,0.06,
4/24/2026 4:00,,1.02,0.06,
4/24/2026 4:01,,1.05,0.06,
4/24/2026 4:02,,1.01,0.06,
4/24/2026 4:03,,1.07,0.06,
4/24/2026 4:04,,1.05,0.06,
4/24/2026 4:05,,1.06,0.06,
4/24/2026 4:06,,1.03,0.06,
4/24/2026 4:07,,1.04,0.06,
4/24/2026 4:08,,1.01,0.06,
4/24/2026 4:09,,1.03,0.06,
4/24/2026 4:10,,1.05,0.06,
4/24/2026 4:11,,1.07,0.06,
4/24/2026 4:12,,1.02,0.06,
4/24/2026 4:13,,1.04,0.06,
4/24/2026 4:14,,1.04,0.06,
4/24/2026 4:15,,1.02,0.06,
4/24/2026 4:16,,1.06,0.06,
4/24/2026 4:17,,1.04,0.06,
4/24/2026 4:18,,1.05,0.06,
4/24/2026 4:19,,1.04,0.06,
4/24/2026 4:20,,1.04,0.06,
4/24/2026 4:21,,1.05,0.06,
4/24/2026 4:22,,1.05,0.06,
4/24/2026 4:23,,1.05,0.06,
4/24/2026 4:24,,1.04,0.06,
4/24/2026 4:25,,1.06,0.06,
4/24/2026 4:26,,1.09,0.06,
4/24/2026 4:27,,1.06,0.06,
4/24/2026 4:28,,1.08,0.06,
4/24/2026 4:29,,1.03,0.06,
4/24/2026 4:30,,1.07,0.06,
4/24/2026 4:31,,1.04,0.06,
4/24/2026 4:32,,1.03,0.06,
4/24/2026 4:33,,1.05,0.06,
4/24/2026 4:34,,1.09,0.06,
4/24/2026 4:35,,1.09,0.06,
4/24/2026 4:36,,1.07,0.06,
4/24/2026 4:37,,1.04,0.06,
4/24/2026 4:38,,1.07,0.06,
4/24/2026 4:39,,1.08,0.06,
4/24/2026 4:40,,1.08,0.06,
4/24/2026 4:41,,1.04,0.06,
4/24/2026 4:42,,1.06,0.06,
4/24/2026 4:43,,1.07,0.06,
4/24/2026 4:44,,1.09,0.06,
4/24/2026 4:45,,1.03,0.06,
4/24/2026 4:46,,1.07,0.06,
4/24/2026 4:47,,1.08,0.06,
4/24/2026 4:48,,1.1,0.06,
4/24/2026 4:49,,1.09,0.06,
4/24/2026 4:50,,1.09,0.06,
4/24/2026 4:51,,1.07,0.07,
4/24/2026 4:52,,1.05,0.07,
4/24/2026 4:53,,1.08,0.07,
4/24/2026 4:54,,1.11,0.07,
4/24/2026 4:55,,1.11,0.07,
4/24/2026 4:56,,1.1,0.07,
4/24/2026 4:57,,1.1,0.07,
4/24/2026 4:58,,1.1,0.07,
4/24/2026 4:59,,1.08,0.07,
4/24/2026 5:00,,1.09,0.07,
4/24/2026 5:01,,1.13,0.07,
4/24/2026 5:02,,1.07,0.07,
4/24/2026 5:03,,1.13,0.07,
4/24/2026 5:04,,1.09,0.07,
4/24/2026 5:05,,1.12,0.07,
4/24/2026 5:06,,1.07,0.07,
4/24/2026 5:07,,1.11,0.07,
4/24/2026 5:08,,1.08,0.07,
4/24/2026 5:09,,1.07,0.07,
4/24/2026 5:10,,1.11,0.07,
4/24/2026 5:11,,1.12,0.07,
4/24/2026 5:12,,1.09,0.07,
4/24/2026 5:13,,1.07,0.07,
4/24/2026 5:14,,1.1,0.07,
4/24/2026 5:15,,1.1,0.07,
4/24/2026 5:16,,1.12,0.07,
4/24/2026 5:17,,1.13,0.07,
4/24/2026 5:18,,1.11,0.07,
4/24/2026 5:19,,1.15,0.07,
4/24/2026 5:20,,1.12,0.07,
4/24/2026 5:21,,1.11,0.07,
4/24/2026 5:22,,1.08,0.07,
4/24/2026 5:23,,1.11,0.07,
4/24/2026 5:24,,1.11,0.07,
4/24/2026 5:25,,1.14,0.07,
4/24/2026 5:26,,1.13,0.07,
4/24/2026 5:27,,1.09,0.07,
4/24/2026 5:28,,1.12,0.07,
4/24/2026 5:29,,1.13,0.07,
4/24/2026 5:30,,1.15,0.07,
4/24/2026 5:31,,1.14,0.07,
4/24/2026 5:32,,1.14,0.07,
4/24/2026 5:33,,1.12,0.07,
4/24/2026 5:34,,1.13,0.07,
4/24/2026 5:35,,1.15,0.07,
4/24/2026 5:36,,1.1,0.07,
4/24/2026 5:37,,1.12,0.07,
4/24/2026 5:38,,1.11,0.07,
4/24/2026 5:39,,1.14,0.07,
4/24/2026 5:40,,1.16,0.07,
4/24/2026 5:41,,1.12,0.07,
4/24/2026 5:42,,1.08,0.07,
4/24/2026 5:43,,1.13,0.07,
4/24/2026 5:44,,1.15,0.07,
4/24/2026 5:45,,1.15,0.07,
4/24/2026 5:46,,1.14,0.07,
4/24/2026 5:47,,1.13,0.07,
4/24/2026 5:48,,1.11,0.07,
4/24/2026 5:49,,1.15,0.07,
4/24/2026 5:50,,1.12,0.07,
4/24/2026 5:51,,1.18,0.07,
4/24/2026 5:52,,1.15,0.07,
4/24/2026 5:53,,1.13,0.07,
4/24/2026 5:54,,1.13,0.07,
4/24/2026 5:55,,1.14,0.07,
4/24/2026 5:56,,1.14,0.07,
4/24/2026 5:57,,1.17,0.07,
4/24/2026 5:58,,1.15,0.07,
4/24/2026 5:59,,1.13,0.07,
4/24/2026 6:00,24.8,1.19,0.07,
4/24/2026 6:01,,1.15,0.07,
4/24/2026 6:02,,1.17,0.07,
4/24/2026 6:03,,1.14,0.07,
4/24/2026 6:04,,1.16,0.07,
4/24/2026 6:05,,1.16,0.07,
4/24/2026 6:06,,1.12,0.07,
4/24/2026 6:07,,1.2,0.07,
4/24/2026 6:08,,1.18,0.07,
4/24/2026 6:09,,1.15,0.07,
4/24/2026 6:10,,1.14,0.07,
4/24/2026 6:11,,1.17,0.07,
4/24/2026 6:12,,1.16,0.07,
4/24/2026 6:13,,1.17,0.07,
4/24/2026 6:14,,1.17,0.07,
4/24/2026 6:15,,1.17,0.07,
4/24/2026 6:16,,1.19,0.07,
4/24/2026 6:17,,1.18,0.07,
4/24/2026 6:18,,1.15,0.07,
4/24/2026 6:19,,1.2,0.07,
4/24/2026 6:20,,1.2,0.07,
4/24/2026 6:21,,1.23,0.07,
4/24/2026 6:22,,1.15,0.07,
4/24/2026 6:23,,1.18,0.07,
4/24/2026 6:24,,1.13,0.07,
4/24/2026 6:25,,1.19,0.07,
4/24/2026 6:26,,1.16,0.07,
4/24/2026 6:27,,1.21,0.07,
4/24/2026 6:28,,1.16,0.07,
4/24/2026 6:29,,1.14,0.07,
4/24/2026 6:30,,1.17,0.07,
4/24/2026 6:31,,1.14,0.07,
4/24/2026 6:32,,1.2,0.07,
4/24/2026 6:33,,1.14,0.07,
4/24/2026 6:34,,1.18,0.07,
4/24/2026 6:35,,1.14,0.07,
4/24/2026 6:36,,1.18,0.07,
4/24/2026 6:37,,1.22,0.07,
4/24/2026 6:38,,1.19,0.07,
4/24/2026 6:39,,1.17,0.07,
4/24/2026 6:40,,1.19,0.07,
4/24/2026 6:41,,1.19,0.07,
4/24/2026 6:42,,1.2,0.07,
4/24/2026 6:43,,1.16,0.07,
4/24/2026 6:44,,1.2,0.07,
4/24/2026 6:45,,1.14,0.07,
4/24/2026 6:46,,1.18,0.07,
4/24/2026 6:47,,1.19,0.07,
4/24/2026 6:48,,1.21,0.07,
4/24/2026 6:49,,1.2,0.07,
4/24/2026 6:50,,1.17,0.07,
4/24/2026 6:51,,1.18,0.07,
4/24/2026 6:52,,1.2,0.07,
4/24/2026 6:53,,1.2,0.07,
4/24/2026 6:54,,1.19,0.07,
4/24/2026 6:55,,1.19,0.07,
4/24/2026 6:56,,1.22,0.07,
4/24/2026 6:57,,1.2,0.07,
4/24/2026 6:58,,1.2,0.07,
4/24/2026 6:59,,1.25,0.07,
4/24/2026 7:00,,1.18,0.07,
4/24/2026 7:01,,1.17,0.07,
4/24/2026 7:02,,1.23,0.07,
4/24/2026 7:03,,1.2,0.07,
4/24/2026 7:04,,1.21,0.07,
4/24/2026 7:05,,1.2,0.07,
4/24/2026 7:06,,1.21,0.07,
4/24/2026 7:07,,1.25,0.07,
4/24/2026 7:08,,1.23,0.07,
4/24/2026 7:09,,1.23,0.07,
4/24/2026 7:10,,1.19,0.06,
4/24/2026 7:11,,1.2,0.06,
4/24/2026 7:12,,1.16,0.06,
4/24/2026 7:13,,1.2,0.06,
4/24/2026 7:14,,1.24,0.06,
4/24/2026 7:15,,1.23,0.06,
4/24/2026 7:16,,1.22,0.06,
4/24/2026 7:17,,1.22,0.06,
4/24/2026 7:18,,1.21,0.06,
4/24/2026 7:19,,1.23,0.06,
4/24/2026 7:20,,1.24,0.06,
4/24/2026 7:21,,1.2,0.06,
4/24/2026 7:22,,1.24,0.06,
4/24/2026 7:23,,1.25,0.06,
4/24/2026 7:24,,1.22,0.06,
4/24/2026 7:25,,1.25,0.06,
4/24/2026 7:26,,1.29,0.06,
4/24/2026 7:27,,1.23,0.06,
4/24/2026 7:28,,1.24,0.06,
4/24/2026 7:29,,1.22,0.06,
4/24/2026 7:30,,1.24,0.06,
4/24/2026 7:31,,1.25,0.06,
4/24/2026 7:32,,1.24,0.06,
4/24/2026 7:33,,1.22,0.06,
4/24/2026 7:34,,1.25,0.06,
4/24/2026 7:35,,1.27,0.06,
4/24/2026 7:36,,1.25,0.06,
4/24/2026 7:37,,1.26,0.06,
4/24/2026 7:38,,1.24,0.06,
4/24/2026 7:39,,1.26,0.06,
4/24/2026 7:40,,1.25,0.06,
4/24/2026 7:41,,1.23,0.06,
4/24/2026 7:42,,1.26,0.06,
4/24/2026 7:43,,1.23,0.06,
4/24/2026 7:44,,1.24,0.06,
4/24/2026 7:45,,1.26,0.06,
4/24/2026 7:46,,1.26,0.06,
4/24/2026 7:47,,1.23,0.06,
4/24/2026 7:48,,1.28,0.06,
4/24/2026 7:49,,1.27,0.06,
4/24/2026 7:50,,1.24,0.06,
4/24/2026 7:51,,1.23,0.06,
4/24/2026 7:52,,1.26,0.06,
4/24/2026 7:53,,1.25,0.06,
4/24/2026 7:54,,1.26,0.06,
4/24/2026 7:55,,1.25,0.06,
4/24/2026 7:56,,1.22,0.06,
4/24/2026 7:57,,1.26,0.06,
4/24/2026 7:58,,1.26,0.06,
4/24/2026 7:59,,1.28,0.06,
4/24/2026 8:00,,1.25,0.06,
4/24/2026 8:01,,1.3,0.06,
4/24/2026 8:02,,1.23,0.06,
4/24/2026 8:03,,1.3,0.06,
4/24/2026 8:04,,1.27,0.06,
4/24/2026 8:05,,1.29,0.06,
4/24/2026 8:06,,1.27,0.06,
4/24/2026 8:07,,1.3,0.06,
4/24/2026 8:08,,1.27,0.06,
4/24/2026 8:09,,1.25,0.06,
4/24/2026 8:10,,1.3,0.06,
4/24/2026 8:11,,1.28,0.06,
4/24/2026 8:12,,1.28,0.06,
4/24/2026 8:13,,1.3,0.06,
4/24/2026 8:14,,1.26,0.06,
4/24/2026 8:15,,1.29,0.06,
4/24/2026 8:16,,1.27,0.06,
4/24/2026 8:17,,1.28,0.06,
4/24/2026 8:18,,1.29,0.06,
4/24/2026 8:19,,1.26,0.06,
4/24/2026 8:20,,1.27,0.06,
4/24/2026 8:21,,1.31,0.06,
4/24/2026 8:22,,1.31,0.06,
4/24/2026 8:23,,1.29,0.06,
4/24/2026 8:24,,1.29,0.06,
4/24/2026 8:25,,1.29,0.05,
4/24/2026 8:26,,1.32,0.05,
4/24/2026 8:27,,1.29,0.05,
4/24/2026 8:28,,1.3,0.05,
4/24/2026 8:29,,1.32,0.05,
4/24/2026 8:30,,1.28,0.05,
4/24/2026 8:31,,1.33,0.05,
4/24/2026 8:32,,1.27,0.05,
4/24/2026 8:33,,1.33,0.05,
4/24/2026 8:34,,1.29,0.05,
4/24/2026 8:35,,1.3,0.05,
4/24/2026 8:36,,1.26,0.05,
4/24/2026 8:37,,1.29,0.05,
4/24/2026 8:38,,1.28,0.05,
4/24/2026 8:39,,1.29,0.05,
4/24/2026 8:40,,1.3,0.05,
4/24/2026 8:41,,1.33,0.05,
4/24/2026 8:42,,1.31,0.05,
4/24/2026 8:43,,1.31,0.05,
4/24/2026 8:44,,1.29,0.05,
4/24/2026 8:45,,1.29,0.05,
4/24/2026 8:46,,1.35,0.05,
4/24/2026 8:47,,1.3,0.05,
4/24/2026 8:48,,1.35,0.05,
4/24/2026 8:49,,1.31,0.05,
4/24/2026 8:50,,1.32,0.05,
4/24/2026 8:51,,1.34,0.05,
4/24/2026 8:52,,1.34,0.05,
4/24/2026 8:53,,1.32,0.05,
4/24/2026 8:54,,1.31,0.05,
4/24/2026 8:55,,1.32,0.05,
4/24/2026 8:56,,1.33,0.05,
4/24/2026 8:57,,1.34,0.05,
4/24/2026 8:58,,1.32,0.05,
4/24/2026 8:59,,1.34,0.05,
4/24/2026 9:00,,1.36,0.05,
4/24/2026 9:01,,1.33,0.05,
4/24/2026 9:02,,1.33,0.05,
4/24/2026 9:03,,1.3,0.05,
4/24/2026 9:04,,1.28,0.05,
4/24/2026 9:05,,1.34,0.05,
4/24/2026 9:06,,1.33,0.05,
4/24/2026 9:07,,1.32,0.05,
4/24/2026 9:08,,1.34,0.05,
4/24/2026 9:09,,1.33,0.05,
4/24/2026 9:10,,1.36,0.05,
4/24/2026 9:11,,1.34,0.05,
4/24/2026 9:12,,1.32,0.05,
4/24/2026 9:13,,1.36,0.05,
4/24/2026 9:14,,1.33,0.05,
4/24/2026 9:15,,1.35,0.04,
4/24/2026 9:16,,1.33,0.04,
4/24/2026 9:17,,1.33,0.04,
4/24/2026 9:18,,1.34,0.04,
4/24/2026 9:19,,1.34,0.04,
4/24/2026 9:20,,1.35,0.04,
4/24/2026 9:21,,1.34,0.04,
4/24/2026 9:22,,1.31,0.04,
4/24/2026 9:23,,1.34,0.04,
4/24/2026 9:24,,1.36,0.04,
4/24/2026 9:25,,1.34,0.04,
4/24/2026 9:26,,1.35,0.04,
4/24/2026 9:27,,1.37,0.04,
4/24/2026 9:28,,1.34,0.04,
4/24/2026 9:29,,1.32,0.04,
4/24/2026 9:30,,1.35,0.04,
4/24/2026 9:31,,1.35,0.04,
4/24/2026 9:32,,1.34,0.04,
4/24/2026 9:33,,1.35,0.04,
4/24/2026 9:34,,1.37,0.04,
4/24/2026 9:35,,1.36,0.04,
4/24/2026 9:36,,1.37,0.04,
4/24/2026 9:37,,1.4,0.04,
4/24/2026 9:38,,1.36,0.04,
4/24/2026 9:39,,1.37,0.04,
4/24/2026 9:40,,1.35,0.04,
4/24/2026 9:41,,1.35,0.04,
4/24/2026 9:42,,1.35,0.04,
4/24/2026 9:43,,1.36,0.04,
4/24/2026 9:44,,1.37,0.04,
4/24/2026 9:45,,1.42,0.04,
4/24/2026 9:46,,1.36,0.04,
4/24/2026 9:47,,1.36,0.04,
4/24/2026 9:48,,1.37,0.04,
4/24/2026 9:49,,1.38,0.04,
4/24/2026 9:50,,1.38,0.04,
4/24/2026 9:51,,1.4,0.04,
4/24/2026 9:52,,1.33,0.04,
4/24/2026 9:53,,1.33,0.04,
4/24/2026 9:54,,1.37,0.04,
4/24/2026 9:55,,1.4,0.04,
4/24/2026 9:56,,1.35,0.04,
4/24/2026 9:57,,1.32,0.03,
4/24/2026 9:58,,1.39,0.03,
4/24/2026 9:59,,1.39,0.03,
4/24/2026 10:00,,1.36,0.03,
4/24/2026 10:01,,1.36,0.03,
4/24/2026 10:02,,1.37,0.03,
4/24/2026 10:03,,1.39,0.03,
4/24/2026 10:04,,1.37,0.03,
4/24/2026 10:05,,1.4,0.03,
4/24/2026 10:06,,1.33,0.03,
4/24/2026 10:07,,1.37,0.03,
4/24/2026 10:08,,1.37,0.03,
4/24/2026 10:09,,1.39,0.03,
4/24/2026 10:10,,1.38,0.03,
4/24/2026 10:11,,1.41,0.03,
4/24/2026 10:12,,1.36,0.03,
4/24/2026 10:13,,1.4,0.03,
4/24/2026 10:14,,1.41,0.03,
4/24/2026 10:15,,1.44,0.03,
4/24/2026 10:16,,1.39,0.03,
4/24/2026 10:17,,1.41,0.03,
4/24/2026 10:18,,1.36,0.03,
4/24/2026 10:19,,1.35,0.03,
4/24/2026 10:20,,1.42,0.03,
4/24/2026 10:21,,1.4,0.03,
4/24/2026 10:22,,1.43,0.03,
4/24/2026 10:23,,1.38,0.03,
4/24/2026 10:24,,1.42,0.03,
4/24/2026 10:25,,1.45,0.03,
4/24/2026 10:26,,1.42,0.03,
4/24/2026 10:27,,1.42,0.03,
4/24/2026 10:28,,1.41,0.03,
4/24/2026 10:29,,1.38,0.03,
4/24/2026 10:30,,1.44,0.03,
4/24/2026 10:31,,1.4,0.03,
4/24/2026 10:32,,1.42,0.03,
4/24/2026 10:33,,1.38,0.03,
4/24/2026 10:34,,1.39,0.02,
4/24/2026 10:35,,1.45,0.02,
4/24/2026 10:36,,1.41,0.02,
4/24/2026 10:37,,1.45,0.02,
4/24/2026 10:38,,1.42,0.02,
4/24/2026 10:39,,1.38,0.02,
4/24/2026 10:40,,1.44,0.02,
4/24/2026 10:41,,1.41,0.02,
4/24/2026 10:42,,1.44,0.02,
4/24/2026 10:43,,1.43,0.02,
4/24/2026 10:44,,1.4,0.02,
4/24/2026 10:45,,1.43,0.02,
4/24/2026 10:46,,1.47,0.02,
4/24/2026 10:47,,1.44,0.02,
4/24/2026 10:48,,1.43,0.02,
4/24/2026 10:49,,1.45,0.02,
4/24/2026 10:50,,1.44,0.02,
4/24/2026 10:51,,1.44,0.02,
4/24/2026 10:52,,1.41,0.02,
4/24/2026 10:53,,1.44,0.02,
4/24/2026 10:54,,1.46,0.02,
4/24/2026 10:55,,1.42,0.02,
4/24/2026 10:56,,1.47,0.02,
4/24/2026 10:57,,1.44,0.02,
4/24/2026 10:58,,1.42,0.02,
4/24/2026 10:59,,1.46,0.02,
4/24/2026 11:00,,1.44,0.02,
4/24/2026 11:01,,1.46,0.02,
4/24/2026 11:02,,1.44,0.02,
4/24/2026 11:03,,1.44,0.02,
4/24/2026 11:04,,1.46,0.02,
4/24/2026 11:05,,1.45,0.02,
4/24/2026 11:06,,1.41,0.02,
4/24/2026 11:07,,1.43,0.02,
4/24/2026 11:08,,1.47,0.02,
4/24/2026 11:09,,1.45,0.02,
4/24/2026 11:10,,1.44,0.01,
4/24/2026 11:11,,1.43,0.01,
4/24/2026 11:12,,1.43,0.01,
4/24/2026 11:13,,1.41,0.01,
4/24/2026 11:14,,1.45,0.01,
4/24/2026 11:15,,1.44,0.01,
4/24/2026 11:16,,1.44,0.01,
4/24/2026 11:17,,1.46,0.01,
4/24/2026 11:18,,1.47,0.01,
4/24/2026 11:19,,1.5,0.01,
4/24/2026 11:20,,1.43,0.01,
4/24/2026 11:21,,1.49,0.01,
4/24/2026 11:22,,1.48,0.01,
4/24/2026 11:23,,1.45,0.01,
4/24/2026 11:24,,1.47,0.01,
4/24/2026 11:25,,1.46,0.01,
4/24/2026 11:26,,1.47,0.01,
4/24/2026 11:27,,1.5,0.01,
4/24/2026 11:28,,1.48,0.01,
4/24/2026 11:29,,1.48,0.01,
4/24/2026 11:30,,1.46,0.01,
4/24/2026 11:31,,1.44,0.01,
4/24/2026 11:32,,1.47,0.01,
4/24/2026 11:33,,1.5,0.01,
4/24/2026 11:34,,1.44,0.01,
4/24/2026 11:35,,1.45,0.01,
4/24/2026 11:36,,1.48,0.01,
4/24/2026 11:37,,1.46,0.01,
4/24/2026 11:38,,1.46,0.01,
4/24/2026 11:39,,1.47,0.01,
4/24/2026 11:40,,1.45,0.01,
4/24/2026 11:41,,1.46,0.01,
4/24/2026 11:42,,1.5,0.01,
4/24/2026 11:43,,1.46,0.01,
4/24/2026 11:44,,1.45,0,
4/24/2026 11:45,,1.47,0,
4/24/2026 11:46,,1.5,0,
4/24/2026 11:47,,1.48,0,
4/24/2026 11:48,,1.48,0,
4/24/2026 11:49,,1.49,0,
4/24/2026 11:50,,1.46,0,
4/24/2026 11:51,,1.5,0,
4/24/2026 11:52,,1.5,0,
4/24/2026 11:53,,1.49,0,
4/24/2026 11:54,,1.51,0,
4/24/2026 11:55,,1.47,0,
4/24/2026 11:56,,1.52,0,
4/24/2026 11:57,,1.5,0,
4/24/2026 11:58,,1.49,0,
4/24/2026 11:59,,1.5,0,
4/24/2026 12:00,24,1.5,0,
4/24/2026 12:01,,1.53,0,
4/24/2026 12:02,,1.48,0,
4/24/2026 12:03,,1.49,0,
4/24/2026 12:04,,1.52,0,
4/24/2026 12:05,,1.49,0,
4/24/2026 12:06,,1.52,0,
4/24/2026 12:07,,1.54,0,
4/24/2026 12:08,,1.5,0,
4/24/2026 12:09,,1.52,0,
4/24/2026 12:10,,1.49,0,
4/24/2026 12:11,,1.52,0,
4/24/2026 12:12,,1.51,0,
4/24/2026 12:13,,1.52,0,
4/24/2026 12:14,,1.5,0,
4/24/2026 12:15,,1.48,0,
4/24/2026 12:16,,1.52,0,
4/24/2026 12:17,,1.47,0,
4/24/2026 12:18,,1.51,0,
4/24/2026 12:19,,1.53,0,
4/24/2026 12:20,,1.52,0,
4/24/2026 12:21,,1.56,0,
4/24/2026 12:22,,1.54,0.01,
4/24/2026 12:23,,1.51,0.01,
4/24/2026 12:24,,1.52,0.01,
4/24/2026 12:25,,1.52,0.01,
4/24/2026 12:26,,1.49,0.01,
4/24/2026 12:27,,1.5,0.01,
4/24/2026 12:28,,1.51,0.01,
4/24/2026 12:29,,1.48,0.01,
4/24/2026 12:30,,1.53,0.01,
4/24/2026 12:31,,1.52,0.01,
4/24/2026 12:32,,1.49,0.01,
4/24/2026 12:33,,1.54,0.01,
4/24/2026 12:34,,1.54,0.01,
4/24/2026 12:35,,1.53,0.01,
4/24/2026 12:36,,1.52,0.01,
4/24/2026 12:37,,1.54,0.01,
4/24/2026 12:38,,1.55,0.01,
4/24/2026 12:39,,1.54,0.01,
4/24/2026 12:40,,1.52,0.01,
4/24/2026 12:41,,1.54,0.01,
4/24/2026 12:42,,1.56,0.01,
4/24/2026 12:43,,1.52,0.01,
4/24/2026 12:44,,1.58,0.01,
4/24/2026 12:45,,1.53,0.01,
4/24/2026 12:46,,1.54,0.01,
4/24/2026 12:47,,1.53,0.01,
4/24/2026 12:48,,1.54,0.01,
4/24/2026 12:49,,1.51,0.01,
4/24/2026 12:50,,1.53,0.01,
4/24/2026 12:51,,1.52,0.01,
4/24/2026 12:52,,1.55,0.01,
4/24/2026 12:53,,1.56,0.01,
4/24/2026 12:54,,1.56,0.01,
4/24/2026 12:55,,1.5,0.01,
4/24/2026 12:56,,1.59,0.01,
4/24/2026 12:57,,1.55,0.01,
4/24/2026 12:58,,1.53,0.01,
4/24/2026 12:59,,1.55,0.01,
4/24/2026 13:00,,1.55,0.01,
4/24/2026 13:01,,1.54,0.01,
4/24/2026 13:02,,1.56,0.01,
4/24/2026 13:03,,1.54,0.01,
4/24/2026 13:04,,1.55,0.01,
4/24/2026 13:05,,1.54,0.01,
4/24/2026 13:06,,1.53,0.02,
4/24/2026 13:07,,1.56,0.02,
4/24/2026 13:08,,1.57,0.02,
4/24/2026 13:09,,1.57,0.02,
4/24/2026 13:10,,1.57,0.02,
4/24/2026 13:11,,1.57,0.02,
4/24/2026 13:12,,1.55,0.02,
4/24/2026 13:13,,1.58,0.02,
4/24/2026 13:14,,1.53,0.02,
4/24/2026 13:15,,1.54,0.02,
4/24/2026 13:16,,1.54,0.02,
4/24/2026 13:17,,1.59,0.02,
4/24/2026 13:18,,1.58,0.02,
4/24/2026 13:19,,1.58,0.02,
4/24/2026 13:20,,1.59,0.02,
4/24/2026 13:21,,1.55,0.02,
4/24/2026 13:22,,1.58,0.02,
4/24/2026 13:23,,1.57,0.02,
4/24/2026 13:24,,1.59,0.02,
4/24/2026 13:25,,1.57,0.02,
4/24/2026 13:26,,1.56,0.02,
4/24/2026 13:27,,1.58,0.02,
4/24/2026 13:28,,1.59,0.02,
4/24/2026 13:29,,1.56,0.02,
4/24/2026 13:30,,1.57,0.02,
4/24/2026 13:31,,1.55,0.02,
4/24/2026 13:32,,1.53,0.02,
4/24/2026 13:33,,1.58,0.02,
4/24/2026 13:34,,1.59,0.02,
4/24/2026 13:35,,1.58,0.02,
4/24/2026 13:36,,1.54,0.02,
4/24/2026 13:37,,1.57,0.02,
4/24/2026 13:38,,1.54,0.02,
4/24/2026 13:39,,1.61,0.02,
4/24/2026 13:40,,1.56,0.02,
4/24/2026 13:41,,1.61,0.02,
4/24/2026 13:42,,1.6,0.02,
4/24/2026 13:43,,1.57,0.02,
4/24/2026 13:44,,1.56,0.02,
4/24/2026 13:45,,1.59,0.02,
4/24/2026 13:46,,1.57,0.02,
4/24/2026 13:47,,1.59,0.02,
4/24/2026 13:48,,1.58,0.02,
4/24/2026 13:49,,1.56,0.02,
4/24/2026 13:50,,1.55,0.02,
4/24/2026 13:51,,1.6,0.02,
4/24/2026 13:52,,1.58,0.03,
4/24/2026 13:53,,1.58,0.03,
4/24/2026 13:54,,1.61,0.03,
4/24/2026 13:55,,1.62,0.03,
4/24/2026 13:56,,1.59,0.03,
4/24/2026 13:57,,1.59,0.03,
4/24/2026 13:58,,1.61,0.03,
4/24/2026 13:59,,1.57,0.03,
4/24/2026 14:00,,1.6,0.03,
4/24/2026 14:01,,1.61,0.03,
4/24/2026 14:02,,1.62,0.03,
4/24/2026 14:03,,1.56,0.03,
4/24/2026 14:04,,1.59,0.03,
4/24/2026 14:05,,1.59,0.03,
4/24/2026 14:06,,1.61,0.03,
4/24/2026 14:07,,1.62,0.03,
4/24/2026 14:08,,1.64,0.03,
4/24/2026 14:09,,1.6,0.03,
4/24/2026 14:10,,1.6,0.03,
4/24/2026 14:11,,1.63,0.03,
4/24/2026 14:12,,1.62,0.03,
4/24/2026 14:13,,1.64,0.03,
4/24/2026 14:14,,1.62,0.03,
4/24/2026 14:15,,1.59,0.03,
4/24/2026 14:16,,1.59,0.03,
4/24/2026 14:17,,1.58,0.03,
4/24/2026 14:18,,1.63,0.03,
4/24/2026 14:19,,1.64,0.03,
4/24/2026 14:20,,1.65,0.03,
4/24/2026 14:21,,1.63,0.03,
4/24/2026 14:22,,1.64,0.03,
4/24/2026 14:23,,1.61,0.03,
4/24/2026 14:24,,1.6,0.03,
4/24/2026 14:25,,1.64,0.03,
4/24/2026 14:26,,1.63,0.03,
4/24/2026 14:27,,1.62,0.03,
4/24/2026 14:28,,1.63,0.03,
4/24/2026 14:29,,1.63,0.03,
4/24/2026 14:30,,1.65,0.03,
4/24/2026 14:31,,1.65,0.03,
4/24/2026 14:32,,1.64,0.03,
4/24/2026 14:33,,1.64,0.03,
4/24/2026 14:34,,1.64,0.03,
4/24/2026 14:35,,1.62,0.03,
4/24/2026 14:36,,1.65,0.03,
4/24/2026 14:37,,1.6,0.03,
4/24/2026 14:38,,1.65,0.03,
4/24/2026 14:39,,1.61,0.03,
4/24/2026 14:40,,1.64,0.03,
4/24/2026 14:41,,1.62,0.03,
4/24/2026 14:42,,1.65,0.03,
4/24/2026 14:43,,1.64,0.03,
4/24/2026 14:44,,1.6,0.03,
4/24/2026 14:45,,1.65,0.04,
4/24/2026 14:46,,1.63,0.04,
4/24/2026 14:47,,1.66,0.04,
4/24/2026 14:48,,1.64,0.04,
4/24/2026 14:49,,1.65,0.04,
4/24/2026 14:50,,1.62,0.04,
4/24/2026 14:51,,1.63,0.04,
4/24/2026 14:52,,1.63,0.04,
4/24/2026 14:53,,1.66,0.04,
4/24/2026 14:54,,1.68,0.04,
4/24/2026 14:55,,1.63,0.04,
4/24/2026 14:56,,1.67,0.04,
4/24/2026 14:57,,1.6,0.04,
4/24/2026 14:58,,1.62,0.04,
4/24/2026 14:59,,1.63,0.04,
4/24/2026 15:00,,1.62,0.04,
4/24/2026 15:01,,1.62,0.04,
4/24/2026 15:02,,1.66,0.04,
4/24/2026 15:03,,1.65,0.04,
4/24/2026 15:04,,1.66,0.04,
4/24/2026 15:05,,1.67,0.04,
4/24/2026 15:06,,1.66,0.04,
4/24/2026 15:07,,1.67,0.04,
4/24/2026 15:08,,1.66,0.04,
4/24/2026 15:09,,1.63,0.04,
4/24/2026 15:10,,1.68,0.04,
4/24/2026 15:11,,1.65,0.04,
4/24/2026 15:12,,1.64,0.04,
4/24/2026 15:13,,1.66,0.04,
4/24/2026 15:14,,1.64,0.04,
4/24/2026 15:15,,1.65,0.04,
4/24/2026 15:16,,1.67,0.04,
4/24/2026 15:17,,1.67,0.04,
4/24/2026 15:18,,1.65,0.04,
4/24/2026 15:19,,1.66,0.04,
4/24/2026 15:20,,1.69,0.04,
4/24/2026 15:21,,1.68,0.04,
4/24/2026 15:22,,1.71,0.04,
4/24/2026 15:23,,1.69,0.04,
4/24/2026 15:24,,1.69,0.04,
4/24/2026 15:25,,1.64,0.04,
4/24/2026 15:26,,1.69,0.04,
4/24/2026 15:27,,1.67,0.04,
4/24/2026 15:28,,1.66,0.04,
4/24/2026 15:29,,1.68,0.04,
4/24/2026 15:30,,1.69,0.04,
4/24/2026 15:31,,1.69,0.04,
4/24/2026 15:32,,1.66,0.04,
4/24/2026 15:33,,1.69,0.04,
4/24/2026 15:34,,1.67,0.04,
4/24/2026 15:35,,1.68,0.04,
4/24/2026 15:36,,1.67,0.04,
4/24/2026 15:37,,1.68,0.04,
4/24/2026 15:38,,1.7,0.04,
4/24/2026 15:39,,1.66,0.04,
4/24/2026 15:40,,1.72,0.04,
4/24/2026 15:41,,1.65,0.04,
4/24/2026 15:42,,1.67,0.04,
4/24/2026 15:43,,1.69,0.04,
4/24/2026 15:44,,1.7,0.04,
4/24/2026 15:45,,1.69,0.04,
4/24/2026 15:46,,1.69,0.04,
4/24/2026 15:47,,1.7,0.04,
4/24/2026 15:48,,1.69,0.04,
4/24/2026 15:49,,1.72,0.04,
4/24/2026 15:50,,1.71,0.04,
4/24/2026 15:51,,1.71,0.05,
4/24/2026 15:52,,1.67,0.05,
4/24/2026 15:53,,1.69,0.05,
4/24/2026 15:54,,1.69,0.05,
4/24/2026 15:55,,1.68,0.05,
4/24/2026 15:56,,1.7,0.05,
4/24/2026 15:57,,1.69,0.05,
4/24/2026 15:58,,1.71,0.05,
4/24/2026 15:59,,1.68,0.05,
4/24/2026 16:00,,1.73,0.05,
4/24/2026 16:01,,1.68,0.05,
4/24/2026 16:02,,1.71,0.05,
4/24/2026 16:03,,1.72,0.05,
4/24/2026 16:04,,1.69,0.05,
4/24/2026 16:05,,1.72,0.05,
4/24/2026 16:06,,1.68,0.05,
4/24/2026 16:07,,1.73,0.05,
4/24/2026 16:08,,1.71,0.05,
4/24/2026 16:09,,1.7,0.05,
4/24/2026 16:10,,1.7,0.05,
4/24/2026 16:11,,1.73,0.05,
4/24/2026 16:12,,1.7,0.05,
4/24/2026 16:13,,1.7,0.05,
4/24/2026 16:14,,1.71,0.05,
4/24/2026 16:15,,1.69,0.05,
4/24/2026 16:16,,1.75,0.05,
4/24/2026 16:17,,1.7,0.05,
4/24/2026 16:18,,1.73,0.05,
4/24/2026 16:19,,1.72,0.05,
4/24/2026 16:20,,1.7,0.05,
4/24/2026 16:21,,1.72,0.05,
4/24/2026 16:22,,1.73,0.05,
4/24/2026 16:23,,1.72,0.05,
4/24/2026 16:24,,1.74,0.05,
4/24/2026 16:25,,1.74,0.05,
4/24/2026 16:26,,1.74,0.05,
4/24/2026 16:27,,1.71,0.05,
4/24/2026 16:28,,1.7,0.05,
4/24/2026 16:29,,1.71,0.05,
4/24/2026 16:30,,1.73,0.05,
4/24/2026 16:31,,1.74,0.05,
4/24/2026 16:32,,1.68,0.05,
4/24/2026 16:33,,1.73,0.05,
4/24/2026 16:34,,1.73,0.05,
4/24/2026 16:35,,1.72,0.05,
4/24/2026 16:36,,1.76,0.05,
4/24/2026 16:37,,1.74,0.05,
4/24/2026 16:38,,1.76,0.05,
4/24/2026 16:39,,1.73,0.05,
4/24/2026 16:40,,1.75,0.05,
4/24/2026 16:41,,1.77,0.05,
4/24/2026 16:42,,1.76,0.05,
4/24/2026 16:43,,1.71,0.05,
4/24/2026 16:44,,1.73,0.05,
4/24/2026 16:45,,1.73,0.05,
4/24/2026 16:46,,1.75,0.05,
4/24/2026 16:47,,1.75,0.05,
4/24/2026 16:48,,1.72,0.05,
4/24/2026 16:49,,1.74,0.05,
4/24/2026 16:50,,1.7,0.05,
4/24/2026 16:51,,1.77,0.05,
4/24/2026 16:52,,1.73,0.05,
4/24/2026 16:53,,1.75,0.05,
4/24/2026 16:54,,1.74,0.05,
4/24/2026 16:55,,1.77,0.05,
4/24/2026 16:56,,1.69,0.05,
4/24/2026 16:57,,1.75,0.05,
4/24/2026 16:58,,1.75,0.05,
4/24/2026 16:59,,1.74,0.05,
4/24/2026 17:00,,1.78,0.05,
4/24/2026 17:01,,1.73,0.05,
4/24/2026 17:02,,1.77,0.05,
4/24/2026 17:03,,1.76,0.05,
4/24/2026 17:04,,1.78,0.05,
4/24/2026 17:05,,1.74,0.05,
4/24/2026 17:06,,1.74,0.05,
4/24/2026 17:07,,1.78,0.05,
4/24/2026 17:08,,1.77,0.05,
4/24/2026 17:09,,1.73,0.05,
4/24/2026 17:10,,1.75,0.05,
4/24/2026 17:11,,1.77,0.05,
4/24/2026 17:12,,1.78,0.05,
4/24/2026 17:13,,1.75,0.05,
4/24/2026 17:14,,1.7,0.05,
4/24/2026 17:15,,1.77,0.05,
4/24/2026 17:16,,1.74,0.05,
4/24/2026 17:17,,1.72,0.05,
4/24/2026 17:18,,1.71,0.05,
4/24/2026 17:19,,1.78,0.05,
4/24/2026 17:20,,1.77,0.05,
4/24/2026 17:21,,1.76,0.05,
4/24/2026 17:22,,1.8,0.05,
4/24/2026 17:23,,1.78,0.05,
4/24/2026 17:24,,1.8,0.05,
4/24/2026 17:25,,1.74,0.05,
4/24/2026 17:26,,1.77,0.05,
4/24/2026 17:27,,1.74,0.05,
4/24/2026 17:28,,1.77,0.05,
4/24/2026 17:29,,1.77,0.05,
4/24/2026 17:30,,1.79,0.05,
4/24/2026 17:31,,1.78,0.05,
4/24/2026 17:32,,1.79,0.05,
4/24/2026 17:33,,1.79,0.05,
4/24/2026 17:34,,1.82,0.05,
4/24/2026 17:35,,1.77,0.05,
4/24/2026 17:36,,1.76,0.05,
4/24/2026 17:37,,1.79,0.05,
4/24/2026 17:38,,1.77,0.05,
4/24/2026 17:39,,1.81,0.05,
4/24/2026 17:40,,1.78,0.05,
4/24/2026 17:41,,1.77,0.05,
4/24/2026 17:42,,1.78,0.05,
4/24/2026 17:43,,1.8,0.05,
4/24/2026 17:44,,1.78,0.05,
4/24/2026 17:45,,1.77,0.05,
4/24/2026 17:46,,1.82,0.05,
4/24/2026 17:47,,1.77,0.05,
4/24/2026 17:48,,1.79,0.05,
4/24/2026 17:49,,1.8,0.05,
4/24/2026 17:50,,1.76,0.05,
4/24/2026 17:51,,1.8,0.05,
4/24/2026 17:52,,1.77,0.05,
4/24/2026 17:53,,1.81,0.05,
4/24/2026 17:54,,1.78,0.05,
4/24/2026 17:55,,1.81,0.05,
4/24/2026 17:56,,1.82,0.05,
4/24/2026 17:57,,1.81,0.05,
4/24/2026 17:58,,1.8,0.05,
4/24/2026 17:59,,1.79,0.05,
4/24/2026 18:00,25.2,1.79,0.05,
4/24/2026 18:01,,1.83,0.05,
4/24/2026 18:02,,1.79,0.05,
4/24/2026 18:03,,1.78,0.05,
4/24/2026 18:04,,1.82,0.05,
4/24/2026 18:05,,1.79,0.05,
4/24/2026 18:06,,1.79,0.05,
4/24/2026 18:07,,1.78,0.05,
4/24/2026 18:08,,1.8,0.05,
4/24/2026 18:09,,1.81,0.05,
4/24/2026 18:10,,1.81,0.05,
4/24/2026 18:11,,1.83,0.05,
4/24/2026 18:12,,1.82,0.05,
4/24/2026 18:13,,1.81,0.05,
4/24/2026 18:14,,1.81,0.05,
4/24/2026 18:15,,1.82,0.05,
4/24/2026 18:16,,1.84,0.05,
4/24/2026 18:17,,1.82,0.05,
4/24/2026 18:18,,1.81,0.05,
4/24/2026 18:19,,1.8,0.05,
4/24/2026 18:20,,1.79,0.05,
4/24/2026 18:21,,1.83,0.05,
4/24/2026 18:22,,1.83,0.05,
4/24/2026 18:23,,1.83,0.05,
4/24/2026 18:24,,1.82,0.05,
4/24/2026 18:25,,1.85,0.05,
4/24/2026 18:26,,1.81,0.05,
4/24/2026 18:27,,1.84,0.05,
4/24/2026 18:28,,1.82,0.05,
4/24/2026 18:29,,1.81,0.05,
4/24/2026 18:30,,1.84,0.05,
4/24/2026 18:31,,1.83,0.05,
4/24/2026 18:32,,1.83,0.05,
4/24/2026 18:33,,1.83,0.05,
4/24/2026 18:34,,1.83,0.05,
4/24/2026 18:35,,1.88,0.05,
4/24/2026 18:36,,1.85,0.05,
4/24/2026 18:37,,1.85,0.05,
4/24/2026 18:38,,1.83,0.05,
4/24/2026 18:39,,1.85,0.05,
4/24/2026 18:40,,1.84,0.05,
4/24/2026 18:41,,1.83,0.05,
4/24/2026 18:42,,1.83,0.05,
4/24/2026 18:43,,1.83,0.05,
4/24/2026 18:44,,1.77,0.05,
4/24/2026 18:45,,1.84,0.05,
4/24/2026 18:46,,1.83,0.05,
4/24/2026 18:47,,1.87,0.05,
4/24/2026 18:48,,1.84,0.05,
4/24/2026 18:49,,1.82,0.05,
4/24/2026 18:50,,1.84,0.05,
4/24/2026 18:51,,1.82,0.05,
4/24/2026 18:52,,1.85,0.05,
4/24/2026 18:53,,1.85,0.05,
4/24/2026 18:54,,1.86,0.05,
4/24/2026 18:55,,1.83,0.05,
4/24/2026 18:56,,1.85,0.05,
4/24/2026 18:57,,1.82,0.05,
4/24/2026 18:58,,1.86,0.05,
4/24/2026 18:59,,1.86,0.05,
4/24/2026 19:00,,1.86,0.05,
4/24/2026 19:01,,1.85,0.05,
4/24/2026 19:02,,1.86,0.05,
4/24/2026 19:03,,1.88,0.05,
4/24/2026 19:04,,1.85,0.05,
4/24/2026 19:05,,1.86,0.05,
4/24/2026 19:06,,1.83,0.05,
4/24/2026 19:07,,1.84,0.05,
4/24/2026 19:08,,1.86,0.05,
4/24/2026 19:09,,1.88,0.05,
4/24/2026 19:10,,1.85,0.05,
4/24/2026 19:11,,1.85,0.05,
4/24/2026 19:12,,1.85,0.05,
4/24/2026 19:13,,1.85,0.05,
4/24/2026 19:14,,1.87,0.05,
4/24/2026 19:15,,1.83,0.05,
4/24/2026 19:16,,1.89,0.05,
4/24/2026 19:17,,1.85,0.05,
4/24/2026 19:18,,1.88,0.05,
4/24/2026 19:19,,1.84,0.05,
4/24/2026 19:20,,1.88,0.05,
4/24/2026 19:21,,1.88,0.05,
4/24/2026 19:22,,1.88,0.05,
4/24/2026 19:23,,1.85,0.05,
4/24/2026 19:24,,1.87,0.05,
4/24/2026 19:25,,1.85,0.05,
4/24/2026 19:26,,1.87,0.05,
4/24/2026 19:27,,1.89,0.05,
4/24/2026 19:28,,1.89,0.05,
4/24/2026 19:29,,1.87,0.05,
4/24/2026 19:30,,1.86,0.05,
4/24/2026 19:31,,1.89,0.05,
4/24/2026 19:32,,1.88,0.05,
4/24/2026 19:33,,1.83,0.05,
4/24/2026 19:34,,1.89,0.05,
4/24/2026 19:35,,1.88,0.05,
4/24/2026 19:36,,1.9,0.05,
4/24/2026 19:37,,1.86,0.05,
4/24/2026 19:38,,1.82,0.05,
4/24/2026 19:39,,1.89,0.05,
4/24/2026 19:40,,1.89,0.05,
4/24/2026 19:41,,1.85,0.05,
4/24/2026 19:42,,1.87,0.05,
4/24/2026 19:43,,1.94,0.05,
4/24/2026 19:44,,1.88,0.05,
4/24/2026 19:45,,1.9,0.05,
4/24/2026 19:46,,1.88,0.05,
4/24/2026 19:47,,1.85,0.05,
4/24/2026 19:48,,1.89,0.05,
4/24/2026 19:49,,1.89,0.05,
4/24/2026 19:50,,1.88,0.05,
4/24/2026 19:51,,1.89,0.05,
4/24/2026 19:52,,1.9,0.05,
4/24/2026 19:53,,1.89,0.05,
4/24/2026 19:54,,1.87,0.05,
4/24/2026 19:55,,1.91,0.05,
4/24/2026 19:56,,1.86,0.05,
4/24/2026 19:57,,1.86,0.05,
4/24/2026 19:58,,1.91,0.05,
4/24/2026 19:59,,1.91,0.05,
4/24/2026 20:00,,1.9,0.05,
4/24/2026 20:01,,1.87,0.05,
4/24/2026 20:02,,1.89,0.05,
4/24/2026 20:03,,1.9,0.05,
4/24/2026 20:04,,1.87,0.05,
4/24/2026 20:05,,1.89,0.05,
4/24/2026 20:06,,1.92,0.05,
4/24/2026 20:07,,1.93,0.05,
4/24/2026 20:08,,1.9,0.05,
4/24/2026 20:09,,1.92,0.05,
4/24/2026 20:10,,1.87,0.04,
4/24/2026 20:11,,1.92,0.04,
4/24/2026 20:12,,1.89,0.04,
4/24/2026 20:13,,1.92,0.04,
4/24/2026 20:14,,1.91,0.04,
4/24/2026 20:15,,1.94,0.04,
4/24/2026 20:16,,1.9,0.04,
4/24/2026 20:17,,1.93,0.04,
4/24/2026 20:18,,1.91,0.04,
4/24/2026 20:19,,1.91,0.04,
4/24/2026 20:20,,1.91,0.04,
4/24/2026 20:21,,1.9,0.04,
4/24/2026 20:22,,1.92,0.04,
4/24/2026 20:23,,1.92,0.04,
4/24/2026 20:24,,1.92,0.04,
4/24/2026 20:25,,1.92,0.04,
4/24/2026 20:26,,1.94,0.04,
4/24/2026 20:27,,1.94,0.04,
4/24/2026 20:28,,1.9,0.04,
4/24/2026 20:29,,1.94,0.04,
4/24/2026 20:30,,1.9,0.04,
4/24/2026 20:31,,1.94,0.04,
4/24/2026 20:32,,1.94,0.04,
4/24/2026 20:33,,1.89,0.04,
4/24/2026 20:34,,1.93,0.04,
4/24/2026 20:35,,1.92,0.04,
4/24/2026 20:36,,1.91,0.04,
4/24/2026 20:37,,1.96,0.04,
4/24/2026 20:38,,1.92,0.04,
4/24/2026 20:39,,1.92,0.04,
4/24/2026 20:40,,1.93,0.04,
4/24/2026 20:41,,1.95,0.04,
4/24/2026 20:42,,1.93,0.04,
4/24/2026 20:43,,1.96,0.04,
4/24/2026 20:44,,1.95,0.04,
4/24/2026 20:45,,1.89,0.04,
4/24/2026 20:46,,1.93,0.04,
4/24/2026 20:47,,1.93,0.04,
4/24/2026 20:48,,1.95,0.04,
4/24/2026 20:49,,1.89,0.04,
4/24/2026 20:50,,1.99,0.04,
4/24/2026 20:51,,1.95,0.04,
4/24/2026 20:52,,1.95,0.04,
4/24/2026 20:53,,1.97,0.04,
4/24/2026 20:54,,1.99,0.04,
4/24/2026 20:55,,1.96,0.04,
4/24/2026 20:56,,1.97,0.04,
4/24/2026 20:57,,1.95,0.04,
4/24/2026 20:58,,1.95,0.04,
4/24/2026 20:59,,1.94,0.04,
4/24/2026 21:00,,1.93,0.04,
4/24/2026 21:01,,1.94,0.04,
4/24/2026 21:02,,1.92,0.04,
4/24/2026 21:03,,1.95,0.04,
4/24/2026 21:04,,1.92,0.04,
4/24/2026 21:05,,1.96,0.04,
4/24/2026 21:06,,1.95,0.04,
4/24/2026 21:07,,1.96,0.04,
4/24/2026 21:08,,1.95,0.04,
4/24/2026 21:09,,2.02,0.04,
4/24/2026 21:10,,1.99,0.04,
4/24/2026 21:11,,1.93,0.04,
4/24/2026 21:12,,1.96,0.04,
4/24/2026 21:13,,1.95,0.04,
4/24/2026 21:14,,1.94,0.04,
4/24/2026 21:15,,1.94,0.04,
4/24/2026 21:16,,1.97,0.03,
4/24/2026 21:17,,1.95,0.03,
4/24/2026 21:18,,1.98,0.03,
4/24/2026 21:19,,1.99,0.03,
4/24/2026 21:20,,1.99,0.03,
4/24/2026 21:21,,1.95,0.03,
4/24/2026 21:22,,1.98,0.03,
4/24/2026 21:23,,1.98,0.03,
4/24/2026 21:24,,1.96,0.03,
4/24/2026 21:25,,1.96,0.03,
4/24/2026 21:26,,2,0.03,
4/24/2026 21:27,,1.98,0.03,
4/24/2026 21:28,,1.99,0.03,
4/24/2026 21:29,,1.96,0.03,
4/24/2026 21:30,,1.95,0.03,
4/24/2026 21:31,,1.96,0.03,
4/24/2026 21:32,,1.97,0.03,
4/24/2026 21:33,,1.96,0.03,
4/24/2026 21:34,,1.98,0.03,
4/24/2026 21:35,,1.95,0.03,
4/24/2026 21:36,,1.96,0.03,
4/24/2026 21:37,,1.99,0.03,
4/24/2026 21:38,,1.99,0.03,
4/24/2026 21:39,,1.97,0.03,
4/24/2026 21:40,,1.96,0.03,
4/24/2026 21:41,,1.96,0.03,
4/24/2026 21:42,,1.98,0.03,
4/24/2026 21:43,,2,0.03,
4/24/2026 21:44,,2.01,0.03,
4/24/2026 21:45,,1.98,0.03,
4/24/2026 21:46,,1.97,0.03,
4/24/2026 21:47,,1.99,0.03,
4/24/2026 21:48,,1.97,0.03,
4/24/2026 21:49,,1.98,0.03,
4/24/2026 21:50,,2.02,0.03,
4/24/2026 21:51,,2.01,0.03,
4/24/2026 21:52,,2,0.03,
4/24/2026 21:53,,1.97,0.03,
4/24/2026 21:54,,2,0.03,
4/24/2026 21:55,,2.02,0.03,
4/24/2026 21:56,,1.99,0.03,
4/24/2026 21:57,,2.02,0.03,
4/24/2026 21:58,,2.02,0.03,
4/24/2026 21:59,,2.03,0.03,
4/24/2026 22:00,,2.01,0.03,
4/24/2026 22:01,,2.01,0.03,
4/24/2026 22:02,,2.03,0.03,
4/24/2026 22:03,,2.01,0.03,
4/24/2026 22:04,,1.99,0.03,
4/24/2026 22:05,,2,0.03,
4/24/2026 22:06,,2.01,0.03,
4/24/2026 22:07,,1.98,0.03,
4/24/2026 22:08,,2,0.03,
4/24/2026 22:09,,2.03,0.02,
4/24/2026 22:10,,1.96,0.02,
4/24/2026 22:11,,2.04,0.02,
4/24/2026 22:12,,2.03,0.02,
4/24/2026 22:13,,2,0.02,
4/24/2026 22:14,,2.02,0.02,
4/24/2026 22:15,,2.01,0.02,
4/24/2026 22:16,,2.04,0.02,
4/24/2026 22:17,,2.03,0.02,
4/24/2026 22:18,,1.99,0.02,
4/24/2026 22:19,,2.03,0.02,
4/24/2026 22:20,,2.01,0.02,
4/24/2026 22:21,,2.02,0.02,
4/24/2026 22:22,,2,0.02,
4/24/2026 22:23,,2.05,0.02,
4/24/2026 22:24,,2.04,0.02,
4/24/2026 22:25,,2.01,0.02,
4/24/2026 22:26,,1.99,0.02,
4/24/2026 22:27,,2.01,0.02,
4/24/2026 22:28,,2.03,0.02,
4/24/2026 22:29,,2.03,0.02,
4/24/2026 22:30,,2.05,0.02,
4/24/2026 22:31,,2.04,0.02,
4/24/2026 22:32,,2.05,0.02,
4/24/2026 22:33,,2.03,0.02,
4/24/2026 22:34,,2,0.02,
4/24/2026 22:35,,2.03,0.02,
4/24/2026 22:36,,2.05,0.02,
4/24/2026 22:37,,2.03,0.02,
4/24/2026 22:38,,2.04,0.02,
4/24/2026 22:39,,2.03,0.02,
4/24/2026 22:40,,2.01,0.02,
4/24/2026 22:41,,2.03,0.02,
4/24/2026 22:42,,2.04,0.02,
4/24/2026 22:43,,2.02,0.02,
4/24/2026 22:44,,2.03,0.02,
4/24/2026 22:45,,2.02,0.02,
4/24/2026 22:46,,2.06,0.02,
4/24/2026 22:47,,2.03,0.02,
4/24/2026 22:48,,2.07,0.02,
4/24/2026 22:49,,2.07,0.02,
4/24/2026 22:50,,2.04,0.02,
4/24/2026 22:51,,2.02,0.02,
4/24/2026 22:52,,2,0.02,
4/24/2026 22:53,,2.01,0.02,
4/24/2026 22:54,,2.02,0.02,
4/24/2026 22:55,,2.07,0.01,
4/24/2026 22:56,,2.05,0.01,
4/24/2026 22:57,,2.06,0.01,
4/24/2026 22:58,,2,0.01,
4/24/2026 22:59,,2.03,0.01,
4/24/2026 23:00,,2.07,0.01,
4/24/2026 23:01,,2.06,0.01,
4/24/2026 23:02,,2.05,0.01,
4/24/2026 23:03,,2.06,0.01,
4/24/2026 23:04,,2.09,0.01,
4/24/2026 23:05,,2.05,0.01,
4/24/2026 23:06,,2.06,0.01,
4/24/2026 23:07,,2.06,0.01,
4/24/2026 23:08,,2.1,0.01,
4/24/2026 23:09,,2.02,0.01,
4/24/2026 23:10,,2.07,0.01,
4/24/2026 23:11,,2.06,0.01,
4/24/2026 23:12,,2.07,0.01,
4/24/2026 23:13,,2.05,0.01,
4/24/2026 23:14,,2.06,0.01,
4/24/2026 23:15,,2.08,0.01,
4/24/2026 23:16,,2.13,0.01,
4/24/2026 23:17,,2.08,0.01,
4/24/2026 23:18,,2.05,0.01,
4/24/2026 23:19,,2.06,0.01,
4/24/2026 23:20,,2.06,0.01,
4/24/2026 23:21,,2.03,0.01,
4/24/2026 23:22,,2.06,0.01,
4/24/2026 23:23,,2.08,0.01,
4/24/2026 23:24,,2.04,0.01,
4/24/2026 23:25,,2.09,0.01,
4/24/2026 23:26,,2.08,0.01,
4/24/2026 23:27,,2.06,0.01,
4/24/2026 23:28,,2.07,0.01,
4/24/2026 23:29,,2.11,0.01,
4/24/2026 23:30,,2.09,0.01,
4/24/2026 23:31,,2.08,0.01,
4/24/2026 23:32,,2.07,0.01,
4/24/2026 23:33,,2.08,0.01,
4/24/2026 23:34,,2.07,0.01,
4/24/2026 23:35,,2.04,0.01,
4/24/2026 23:36,,2.12,0.01,
4/24/2026 23:37,,2.08,0.01,
4/24/2026 23:38,,2.09,0.01,
4/24/2026 23:39,,2.08,0,
4/24/2026 23:40,,2.07,0,
4/24/2026 23:41,,2.08,0,
4/24/2026 23:42,,2.05,0,
4/24/2026 23:43,,2.13,0,
4/24/2026 23:44,,2.06,0,
4/24/2026 23:45,,2.07,0,
4/24/2026 23:46,,2.08,0,
4/24/2026 23:47,,2.11,0,
4/24/2026 23:48,,2.09,0,
4/24/2026 23:49,,2.07,0,
4/24/2026 23:50,,2.12,0,
4/24/2026 23:51,,2.11,0,
4/24/2026 23:52,,2.1,0,
4/24/2026 23:53,,2.11,0,
4/24/2026 23:54,,2.14,0,
4/24/2026 23:55,,2.14,0,
4/24/2026 23:56,,2.08,0,
4/24/2026 23:57,,2.13,0,
4/24/2026 23:58,,2.11,0,
4/24/2026 23:59,,2.11,0,
4/25/2026 0:00,27,2.1,0,
4/25/2026 0:01,,2.1,0,
4/25/2026 0:02,,2.09,0,
4/25/2026 0:03,,2.12,0,
4/25/2026 0:04,,2.12,0,
4/25/2026 0:05,,2.06,0,
4/25/2026 0:06,,2.1,0,
4/25/2026 0:07,,2.13,0,
4/25/2026 0:08,,2.1,0,
4/25/2026 0:09,,2.12,0,
4/25/2026 0:10,,2.11,0,
4/25/2026 0:11,,2.11,0,
4/25/2026 0:12,,2.1,0.01,
4/25/2026 0:13,,2.08,0.01,
4/25/2026 0:14,,2.09,0.01,
4/25/2026 0:15,,2.12,0.01,
4/25/2026 0:16,,2.11,0.01,
4/25/2026 0:17,,2.11,0.01,
4/25/2026 0:18,,2.1,0.01,
4/25/2026 0:19,,2.11,0.01,
4/25/2026 0:20,,2.13,0.01,
4/25/2026 0:21,,2.11,0.01,
4/25/2026 0:22,,2.09,0.01,
4/25/2026 0:23,,2.13,0.01,
4/25/2026 0:24,,2.11,0.01,
4/25/2026 0:25,,2.12,0.01,
4/25/2026 0:26,,2.15,0.01,
4/25/2026 0:27,,2.12,0.01,
4/25/2026 0:28,,2.13,0.01,
4/25/2026 0:29,,2.1,0.01,
4/25/2026 0:30,,2.12,0.01,
4/25/2026 0:31,,2.13,0.01,
4/25/2026 0:32,,2.09,0.01,
4/25/2026 0:33,,2.13,0.01,
4/25/2026 0:34,,2.13,0.01,
4/25/2026 0:35,,2.13,0.02,
4/25/2026 0:36,,2.15,0.02,
4/25/2026 0:37,,2.13,0.02,
4/25/2026 0:38,,2.16,0.02,
4/25/2026 0:39,,2.11,0.02,
4/25/2026 0:40,,2.13,0.02,
4/25/2026 0:41,,2.13,0.02,
4/25/2026 0:42,,2.11,0.02,
4/25/2026 0:43,,2.15,0.02,
4/25/2026 0:44,,2.18,0.02,
4/25/2026 0:45,,2.13,0.02,
4/25/2026 0:46,,2.14,0.02,
4/25/2026 0:47,,2.13,0.02,
4/25/2026 0:48,,2.12,0.02,
4/25/2026 0:49,,2.1,0.02,
4/25/2026 0:50,,2.12,0.02,
4/25/2026 0:51,,2.11,0.02,
4/25/2026 0:52,,2.17,0.02,
4/25/2026 0:53,,2.13,0.02,
4/25/2026 0:54,,2.13,0.02,
4/25/2026 0:55,,2.16,0.02,
4/25/2026 0:56,,2.12,0.02,
4/25/2026 0:57,,2.12,0.02,
4/25/2026 0:58,,2.14,0.02,
4/25/2026 0:59,,2.16,0.03,
4/25/2026 1:00,,2.15,0.03,
4/25/2026 1:01,,2.15,0.03,
4/25/2026 1:02,,2.14,0.03,
4/25/2026 1:03,,2.15,0.03,
4/25/2026 1:04,,2.15,0.03,
4/25/2026 1:05,,2.12,0.03,
4/25/2026 1:06,,2.15,0.03,
4/25/2026 1:07,,2.13,0.03,
4/25/2026 1:08,,2.15,0.03,
4/25/2026 1:09,,2.14,0.03,
4/25/2026 1:10,,2.2,0.03,
4/25/2026 1:11,,2.15,0.03,
4/25/2026 1:12,,2.12,0.03,
4/25/2026 1:13,,2.15,0.03,
4/25/2026 1:14,,2.16,0.03,
4/25/2026 1:15,,2.19,0.03,
4/25/2026 1:16,,2.14,0.03,
4/25/2026 1:17,,2.12,0.03,
4/25/2026 1:18,,2.17,0.03,
4/25/2026 1:19,,2.13,0.03,
4/25/2026 1:20,,2.15,0.03,
4/25/2026 1:21,,2.15,0.03,
4/25/2026 1:22,,2.16,0.03,
4/25/2026 1:23,,2.17,0.04,
4/25/2026 1:24,,2.14,0.04,
4/25/2026 1:25,,2.15,0.04,
4/25/2026 1:26,,2.16,0.04,
4/25/2026 1:27,,2.16,0.04,
4/25/2026 1:28,,2.16,0.04,
4/25/2026 1:29,,2.17,0.04,
4/25/2026 1:30,,2.18,0.04,
4/25/2026 1:31,,2.17,0.04,
4/25/2026 1:32,,2.17,0.04,
4/25/2026 1:33,,2.13,0.04,
4/25/2026 1:34,,2.17,0.04,
4/25/2026 1:35,,2.18,0.04,
4/25/2026 1:36,,2.18,0.04,
4/25/2026 1:37,,2.15,0.04,
4/25/2026 1:38,,2.15,0.04,
4/25/2026 1:39,,2.16,0.04,
4/25/2026 1:40,,2.18,0.04,
4/25/2026 1:41,,2.19,0.04,
4/25/2026 1:42,,2.16,0.04,
4/25/2026 1:43,,2.19,0.04,
4/25/2026 1:44,,2.17,0.04,
4/25/2026 1:45,,2.17,0.04,
4/25/2026 1:46,,2.17,0.04,
4/25/2026 1:47,,2.19,0.04,
4/25/2026 1:48,,2.18,0.05,
4/25/2026 1:49,,2.22,0.05,
4/25/2026 1:50,,2.16,0.05,
4/25/2026 1:51,,2.19,0.05,
4/25/2026 1:52,,2.17,0.05,
4/25/2026 1:53,,2.16,0.05,
4/25/2026 1:54,,2.18,0.05,
4/25/2026 1:55,,2.18,0.05,
4/25/2026 1:56,,2.24,0.05,
4/25/2026 1:57,,2.18,0.05,
4/25/2026 1:58,,2.16,0.05,
4/25/2026 1:59,,2.19,0.05,
4/25/2026 2:00,,2.14,0.05,
4/25/2026 2:01,,2.18,0.05,
4/25/2026 2:02,,2.19,0.05,
4/25/2026 2:03,,2.2,0.05,
4/25/2026 2:04,,2.21,0.05,
4/25/2026 2:05,,2.18,0.05,
4/25/2026 2:06,,2.18,0.05,
4/25/2026 2:07,,2.17,0.05,
4/25/2026 2:08,,2.17,0.05,
4/25/2026 2:09,,2.2,0.05,
4/25/2026 2:10,,2.16,0.05,
4/25/2026 2:11,,2.18,0.05,
4/25/2026 2:12,,2.17,0.05,
4/25/2026 2:13,,2.2,0.05,
4/25/2026 2:14,,2.23,0.05,
4/25/2026 2:15,,2.17,0.06,
4/25/2026 2:16,,2.16,0.06,
4/25/2026 2:17,,2.19,0.06,
4/25/2026 2:18,,2.2,0.06,
4/25/2026 2:19,,2.2,0.06,
4/25/2026 2:20,,2.19,0.06,
4/25/2026 2:21,,2.19,0.06,
4/25/2026 2:22,,2.21,0.06,
4/25/2026 2:23,,2.22,0.06,
4/25/2026 2:24,,2.16,0.06,
4/25/2026 2:25,,2.19,0.06,
4/25/2026 2:26,,2.21,0.06,
4/25/2026 2:27,,2.18,0.06,
4/25/2026 2:28,,2.24,0.06,
4/25/2026 2:29,,2.19,0.06,
4/25/2026 2:30,,2.2,0.06,
4/25/2026 2:31,,2.22,0.06,
4/25/2026 2:32,,2.19,0.06,
4/25/2026 2:33,,2.17,0.06,
4/25/2026 2:34,,2.2,0.06,
4/25/2026 2:35,,2.23,0.06,
4/25/2026 2:36,,2.2,0.06,
4/25/2026 2:37,,2.19,0.06,
4/25/2026 2:38,,2.23,0.06,
4/25/2026 2:39,,2.2,0.06,
4/25/2026 2:40,,2.2,0.06,
4/25/2026 2:41,,2.21,0.06,
4/25/2026 2:42,,2.23,0.06,
4/25/2026 2:43,,2.26,0.06,
4/25/2026 2:44,,2.23,0.07,
4/25/2026 2:45,,2.24,0.07,
4/25/2026 2:46,,2.21,0.07,
4/25/2026 2:47,,2.2,0.07,
4/25/2026 2:48,,2.22,0.07,
4/25/2026 2:49,,2.22,0.07,
4/25/2026 2:50,,2.2,0.07,
4/25/2026 2:51,,2.22,0.07,
4/25/2026 2:52,,2.23,0.07,
4/25/2026 2:53,,2.23,0.07,
4/25/2026 2:54,,2.23,0.07,
4/25/2026 2:55,,2.23,0.07,
4/25/2026 2:56,,2.21,0.07,
4/25/2026 2:57,,2.21,0.07,
4/25/2026 2:58,,2.2,0.07,
4/25/2026 2:59,,2.26,0.07,
4/25/2026 3:00,,2.23,0.07,
4/25/2026 3:01,,2.22,0.07,
4/25/2026 3:02,,2.21,0.07,
4/25/2026 3:03,,2.29,0.07,
4/25/2026 3:04,,2.21,0.07,
4/25/2026 3:05,,2.22,0.07,
4/25/2026 3:06,,2.24,0.07,
4/25/2026 3:07,,2.24,0.07,
4/25/2026 3:08,,2.25,0.07,
4/25/2026 3:09,,2.27,0.07,
4/25/2026 3:10,,2.24,0.07,
4/25/2026 3:11,,2.21,0.07,
4/25/2026 3:12,,2.23,0.07,
4/25/2026 3:13,,2.24,0.07,
4/25/2026 3:14,,2.28,0.07,
4/25/2026 3:15,,2.21,0.07,
4/25/2026 3:16,,2.26,0.08,
4/25/2026 3:17,,2.24,0.08,
4/25/2026 3:18,,2.25,0.08,
4/25/2026 3:19,,2.24,0.08,
4/25/2026 3:20,,2.22,0.08,
4/25/2026 3:21,,2.25,0.08,
4/25/2026 3:22,,2.25,0.08,
4/25/2026 3:23,,2.26,0.08,
4/25/2026 3:24,,2.24,0.08,
4/25/2026 3:25,,2.23,0.08,
4/25/2026 3:26,,2.21,0.08,
4/25/2026 3:27,,2.26,0.08,
4/25/2026 3:28,,2.25,0.08,
4/25/2026 3:29,,2.23,0.08,
4/25/2026 3:30,,2.24,0.08,
4/25/2026 3:31,,2.24,0.08,
4/25/2026 3:32,,2.22,0.08,
4/25/2026 3:33,,2.23,0.08,
4/25/2026 3:34,,2.23,0.08,
4/25/2026 3:35,,2.24,0.08,
4/25/2026 3:36,,2.24,0.08,
4/25/2026 3:37,,2.22,0.08,
4/25/2026 3:38,,2.29,0.08,
4/25/2026 3:39,,2.28,0.08,
4/25/2026 3:40,,2.24,0.08,
4/25/2026 3:41,,2.26,0.08,
4/25/2026 3:42,,2.26,0.08,
4/25/2026 3:43,,2.28,0.08,
4/25/2026 3:44,,2.24,0.08,
4/25/2026 3:45,,2.28,0.08,
4/25/2026 3:46,,2.25,0.08,
4/25/2026 3:47,,2.23,0.08,
4/25/2026 3:48,,2.27,0.08,
4/25/2026 3:49,,2.28,0.08,
4/25/2026 3:50,,2.31,0.08,
4/25/2026 3:51,,2.24,0.08,
4/25/2026 3:52,,2.28,0.08,
4/25/2026 3:53,,2.25,0.08,
4/25/2026 3:54,,2.28,0.08,
4/25/2026 3:55,,2.23,0.09,
4/25/2026 3:56,,2.24,0.09,
4/25/2026 3:57,,2.25,0.09,
4/25/2026 3:58,,2.27,0.09,
4/25/2026 3:59,,2.25,0.09,
4/25/2026 4:00,,2.28,0.09,
4/25/2026 4:01,,2.29,0.09,
4/25/2026 4:02,,2.28,0.09,
4/25/2026 4:03,,2.3,0.09,
4/25/2026 4:04,,2.28,0.09,
4/25/2026 4:05,,2.25,0.09,
4/25/2026 4:06,,2.3,0.09,
4/25/2026 4:07,,2.26,0.09,
4/25/2026 4:08,,2.29,0.09,
4/25/2026 4:09,,2.3,0.09,
4/25/2026 4:10,,2.28,0.09,
4/25/2026 4:11,,2.24,0.09,
4/25/2026 4:12,,2.26,0.09,
4/25/2026 4:13,,2.3,0.09,
4/25/2026 4:14,,2.27,0.09,
4/25/2026 4:15,,2.28,0.09,
4/25/2026 4:16,,2.29,0.09,
4/25/2026 4:17,,2.29,0.09,
4/25/2026 4:18,,2.28,0.09,
4/25/2026 4:19,,2.28,0.09,
4/25/2026 4:20,,2.27,0.09,
4/25/2026 4:21,,2.3,0.09,
4/25/2026 4:22,,2.29,0.09,
4/25/2026 4:23,,2.28,0.09,
4/25/2026 4:24,,2.3,0.09,
4/25/2026 4:25,,2.28,0.09,
4/25/2026 4:26,,2.27,0.09,
4/25/2026 4:27,,2.27,0.09,
4/25/2026 4:28,,2.27,0.09,
4/25/2026 4:29,,2.28,0.09,
4/25/2026 4:30,,2.31,0.09,
4/25/2026 4:31,,2.27,0.09,
4/25/2026 4:32,,2.29,0.09,
4/25/2026 4:33,,2.28,0.09,
4/25/2026 4:34,,2.29,0.09,
4/25/2026 4:35,,2.26,0.09,
4/25/2026 4:36,,2.29,0.09,
4/25/2026 4:37,,2.29,0.09,
4/25/2026 4:38,,2.3,0.09,
4/25/2026 4:39,,2.3,0.09,
4/25/2026 4:40,,2.27,0.09,
4/25/2026 4:41,,2.32,0.09,
4/25/2026 4:42,,2.3,0.09,
4/25/2026 4:43,,2.3,0.09,
4/25/2026 4:44,,2.3,0.09,
4/25/2026 4:45,,2.29,0.09,
4/25/2026 4:46,,2.3,0.09,
4/25/2026 4:47,,2.31,0.09,
4/25/2026 4:48,,2.27,0.09,
4/25/2026 4:49,,2.29,0.09,
4/25/2026 4:50,,2.3,0.09,
4/25/2026 4:51,,2.31,0.09,
4/25/2026 4:52,,2.33,0.1,
4/25/2026 4:53,,2.29,0.1,
4/25/2026 4:54,,2.29,0.1,
4/25/2026 4:55,,2.29,0.1,
4/25/2026 4:56,,2.29,0.1,
4/25/2026 4:57,,2.3,0.1,
4/25/2026 4:58,,2.32,0.1,
4/25/2026 4:59,,2.29,0.1,
4/25/2026 5:00,,2.32,0.1,
4/25/2026 5:01,,2.27,0.1,
4/25/2026 5:02,,2.3,0.1,
4/25/2026 5:03,,2.3,0.1,
4/25/2026 5:04,,2.34,0.1,
4/25/2026 5:05,,2.31,0.1,
4/25/2026 5:06,,2.27,0.1,
4/25/2026 5:07,,2.27,0.1,
4/25/2026 5:08,,2.31,0.1,
4/25/2026 5:09,,2.33,0.1,
4/25/2026 5:10,,2.32,0.1,
4/25/2026 5:11,,2.32,0.1,
4/25/2026 5:12,,2.34,0.1,
4/25/2026 5:13,,2.31,0.1,
4/25/2026 5:14,,2.34,0.1,
4/25/2026 5:15,,2.29,0.1,
4/25/2026 5:16,,2.3,0.1,
4/25/2026 5:17,,2.28,0.1,
4/25/2026 5:18,,2.32,0.1,
4/25/2026 5:19,,2.32,0.1,
4/25/2026 5:20,,2.32,0.1,
4/25/2026 5:21,,2.32,0.1,
4/25/2026 5:22,,2.31,0.1,
4/25/2026 5:23,,2.32,0.1,
4/25/2026 5:24,,2.3,0.1,
4/25/2026 5:25,,2.35,0.1,
4/25/2026 5:26,,2.32,0.1,
4/25/2026 5:27,,2.32,0.1,
4/25/2026 5:28,,2.36,0.1,
4/25/2026 5:29,,2.3,0.1,
4/25/2026 5:30,,2.31,0.1,
4/25/2026 5:31,,2.31,0.1,
4/25/2026 5:32,,2.33,0.1,
4/25/2026 5:33,,2.34,0.1,
4/25/2026 5:34,,2.35,0.1,
4/25/2026 5:35,,2.38,0.1,
4/25/2026 5:36,,2.29,0.1,
4/25/2026 5:37,,2.35,0.1,
4/25/2026 5:38,,2.32,0.1,
4/25/2026 5:39,,2.32,0.1,
4/25/2026 5:40,,2.32,0.1,
4/25/2026 5:41,,2.32,0.1,
4/25/2026 5:42,,2.37,0.1,
4/25/2026 5:43,,2.36,0.1,
4/25/2026 5:44,,2.34,0.1,
4/25/2026 5:45,,2.37,0.1,
4/25/2026 5:46,,2.31,0.1,
4/25/2026 5:47,,2.31,0.1,
4/25/2026 5:48,,2.3,0.1,
4/25/2026 5:49,,2.33,0.1,
4/25/2026 5:50,,2.35,0.1,
4/25/2026 5:51,,2.35,0.1,
4/25/2026 5:52,,2.35,0.1,
4/25/2026 5:53,,2.32,0.1,
4/25/2026 5:54,,2.36,0.1,
4/25/2026 5:55,,2.35,0.1,
4/25/2026 5:56,,2.36,0.1,
4/25/2026 5:57,,2.31,0.1,
4/25/2026 5:58,,2.35,0.1,
4/25/2026 5:59,,2.33,0.1,
4/25/2026 6:00,,2.34,0.1,
4/25/2026 6:01,,2.36,0.1,
4/25/2026 6:02,,2.35,0.1,
4/25/2026 6:03,,2.34,0.1,
4/25/2026 6:04,,2.35,0.1,
4/25/2026 6:05,,2.32,0.1,
4/25/2026 6:06,,2.38,0.1,
4/25/2026 6:07,,2.35,0.1,
4/25/2026 6:08,,2.38,0.1,
4/25/2026 6:09,,2.35,0.1,
4/25/2026 6:10,,2.35,0.1,
4/25/2026 6:11,,2.34,0.1,
4/25/2026 6:12,,2.38,0.1,
4/25/2026 6:13,,2.34,0.1,
4/25/2026 6:14,,2.37,0.1,
4/25/2026 6:15,,2.35,0.1,
4/25/2026 6:16,,2.32,0.1,
4/25/2026 6:17,,2.35,0.1,
4/25/2026 6:18,,2.34,0.1,
4/25/2026 6:19,,2.36,0.1,
4/25/2026 6:20,,2.34,0.1,
4/25/2026 6:21,,2.38,0.1,
4/25/2026 6:22,,2.36,0.1,
4/25/2026 6:23,,2.36,0.1,
4/25/2026 6:24,,2.38,0.1,
4/25/2026 6:25,,2.39,0.1,
4/25/2026 6:26,,2.37,0.1,
4/25/2026 6:27,,2.35,0.1,
4/25/2026 6:28,,2.33,0.1,
4/25/2026 6:29,,2.36,0.1,
4/25/2026 6:30,,2.36,0.1,
4/25/2026 6:31,,2.37,0.1,
4/25/2026 6:32,,2.37,0.1,
4/25/2026 6:33,,2.39,0.1,
4/25/2026 6:34,,2.36,0.1,
4/25/2026 6:35,,2.37,0.1,
4/25/2026 6:36,,2.4,0.1,
4/25/2026 6:37,,2.38,0.1,
4/25/2026 6:38,,2.38,0.1,
4/25/2026 6:39,,2.37,0.1,
4/25/2026 6:40,,2.37,0.1,
4/25/2026 6:41,,2.36,0.1,
4/25/2026 6:42,,2.37,0.1,
4/25/2026 6:43,,2.39,0.1,
4/25/2026 6:44,,2.38,0.1,
4/25/2026 6:45,,2.35,0.1,
4/25/2026 6:46,,2.42,0.1,
4/25/2026 6:47,,2.39,0.1,
4/25/2026 6:48,,2.36,0.1,
4/25/2026 6:49,,2.38,0.1,
4/25/2026 6:50,,2.39,0.1,
4/25/2026 6:51,,2.42,0.1,
4/25/2026 6:52,,2.36,0.1,
4/25/2026 6:53,,2.41,0.1,
4/25/2026 6:54,,2.42,0.1,
4/25/2026 6:55,,2.38,0.1,
4/25/2026 6:56,,2.38,0.1,
4/25/2026 6:57,,2.37,0.1,
4/25/2026 6:58,,2.39,0.1,
4/25/2026 6:59,,2.39,0.1,
4/25/2026 7:00,,2.4,0.1,
4/25/2026 7:01,,2.41,0.1,
4/25/2026 7:02,,2.38,0.1,
4/25/2026 7:03,,2.35,0.1,
4/25/2026 7:04,,2.39,0.1,
4/25/2026 7:05,,2.4,0.1,
4/25/2026 7:06,,2.4,0.1,
4/25/2026 7:07,,2.39,0.1,
4/25/2026 7:08,,2.4,0.1,
4/25/2026 7:09,,2.43,0.09,
4/25/2026 7:10,,2.41,0.09,
4/25/2026 7:11,,2.39,0.09,
4/25/2026 7:12,,2.39,0.09,
4/25/2026 7:13,,2.4,0.09,
4/25/2026 7:14,,2.43,0.09,
4/25/2026 7:15,,2.4,0.09,
4/25/2026 7:16,,2.4,0.09,
4/25/2026 7:17,,2.39,0.09,
4/25/2026 7:18,,2.43,0.09,
4/25/2026 7:19,,2.44,0.09,
4/25/2026 7:20,,2.41,0.09,
4/25/2026 7:21,,2.41,0.09,
4/25/2026 7:22,,2.41,0.09,
4/25/2026 7:23,,2.36,0.09,
4/25/2026 7:24,,2.42,0.09,
4/25/2026 7:25,,2.41,0.09,
4/25/2026 7:26,,2.42,0.09,
4/25/2026 7:27,,2.4,0.09,
4/25/2026 7:28,,2.4,0.09,
4/25/2026 7:29,,2.4,0.09,
4/25/2026 7:30,,2.43,0.09,
4/25/2026 7:31,,2.41,0.09,
4/25/2026 7:32,,2.46,0.09,
4/25/2026 7:33,,2.42,0.09,
4/25/2026 7:34,,2.39,0.09,
4/25/2026 7:35,,2.41,0.09,
4/25/2026 7:36,,2.4,0.09,
4/25/2026 7:37,,2.37,0.09,
4/25/2026 7:38,,2.45,0.09,
4/25/2026 7:39,,2.43,0.09,
4/25/2026 7:40,,2.43,0.09,
4/25/2026 7:41,,2.42,0.09,
4/25/2026 7:42,,2.39,0.09,
4/25/2026 7:43,,2.41,0.09,
4/25/2026 7:44,,2.44,0.09,
4/25/2026 7:45,,2.4,0.09,
4/25/2026 7:46,,2.37,0.09,
4/25/2026 7:47,,2.42,0.09,
4/25/2026 7:48,,2.42,0.09,
4/25/2026 7:49,,2.43,0.09,
4/25/2026 7:50,,2.44,0.09,
4/25/2026 7:51,,2.44,0.09,
4/25/2026 7:52,,2.43,0.09,
4/25/2026 7:53,,2.45,0.09,
4/25/2026 7:54,,2.4,0.09,
4/25/2026 7:55,,2.44,0.09,
4/25/2026 7:56,,2.44,0.09,
4/25/2026 7:57,,2.41,0.09,
4/25/2026 7:58,,2.4,0.09,
4/25/2026 7:59,,2.42,0.09,
4/25/2026 8:00,,2.42,0.09,
4/25/2026 8:01,,2.45,0.09,
4/25/2026 8:02,,2.42,0.09,
4/25/2026 8:03,,2.42,0.09,
4/25/2026 8:04,,2.42,0.09,
4/25/2026 8:05,,2.46,0.09,
4/25/2026 8:06,,2.44,0.08,
4/25/2026 8:07,,2.43,0.08,
4/25/2026 8:08,,2.44,0.08,
4/25/2026 8:09,,2.47,0.08,
4/25/2026 8:10,,2.43,0.08,
4/25/2026 8:11,,2.47,0.08,
4/25/2026 8:12,,2.45,0.08,
4/25/2026 8:13,,2.44,0.08,
4/25/2026 8:14,,2.49,0.08,
4/25/2026 8:15,,2.42,0.08,
4/25/2026 8:16,,2.44,0.08,
4/25/2026 8:17,,2.42,0.08,
4/25/2026 8:18,,2.46,0.08,
4/25/2026 8:19,,2.48,0.08,
4/25/2026 8:20,,2.48,0.08,
4/25/2026 8:21,,2.47,0.08,
4/25/2026 8:22,,2.44,0.08,
4/25/2026 8:23,,2.44,0.08,
4/25/2026 8:24,,2.42,0.08,
4/25/2026 8:25,,2.49,0.08,
4/25/2026 8:26,,2.46,0.08,
4/25/2026 8:27,,2.44,0.08,
4/25/2026 8:28,,2.48,0.08,
4/25/2026 8:29,,2.43,0.08,
4/25/2026 8:30,,2.46,0.08,
4/25/2026 8:31,,2.45,0.08,
4/25/2026 8:32,,2.47,0.08,
4/25/2026 8:33,,2.45,0.08,
4/25/2026 8:34,,2.43,0.08,
4/25/2026 8:35,,2.46,0.08,
4/25/2026 8:36,,2.48,0.08,
4/25/2026 8:37,,2.46,0.08,
4/25/2026 8:38,,2.48,0.08,
4/25/2026 8:39,,2.44,0.08,
4/25/2026 8:40,,2.46,0.08,
4/25/2026 8:41,,2.45,0.08,
4/25/2026 8:42,,2.48,0.08,
4/25/2026 8:43,,2.46,0.08,
4/25/2026 8:44,,2.48,0.08,
4/25/2026 8:45,,2.49,0.07,
4/25/2026 8:46,,2.48,0.07,
4/25/2026 8:47,,2.47,0.07,
4/25/2026 8:48,,2.45,0.07,
4/25/2026 8:49,,2.47,0.07,
4/25/2026 8:50,,2.46,0.07,
4/25/2026 8:51,,2.46,0.07,
4/25/2026 8:52,,2.46,0.07,
4/25/2026 8:53,,2.45,0.07,
4/25/2026 8:54,,2.43,0.07,
4/25/2026 8:55,,2.46,0.07,
4/25/2026 8:56,,2.48,0.07,
4/25/2026 8:57,,2.45,0.07,
4/25/2026 8:58,,2.47,0.07,
4/25/2026 8:59,,2.51,0.07,
4/25/2026 9:00,27.1,2.5,0.07,
4/25/2026 9:01,,2.51,0.07,
4/25/2026 9:02,,2.48,0.07,
4/25/2026 9:03,,2.5,0.07,
4/25/2026 9:04,,2.46,0.07,
4/25/2026 9:05,,2.47,0.07,
4/25/2026 9:06,,2.42,0.07,
4/25/2026 9:07,,2.5,0.07,
4/25/2026 9:08,,2.51,0.07,
4/25/2026 9:09,,2.47,0.07,
4/25/2026 9:10,,2.48,0.07,
4/25/2026 9:11,,2.47,0.07,
4/25/2026 9:12,,2.49,0.07,
4/25/2026 9:13,,2.51,0.07,
4/25/2026 9:14,,2.45,0.07,
4/25/2026 9:15,,2.49,0.07,
4/25/2026 9:16,,2.48,0.07,
4/25/2026 9:17,,2.49,0.06,
4/25/2026 9:18,,2.5,0.06,
4/25/2026 9:19,,2.48,0.06,
4/25/2026 9:20,,2.49,0.06,
4/25/2026 9:21,,2.49,0.06,
4/25/2026 9:22,,2.51,0.06,
4/25/2026 9:23,,2.5,0.06,
4/25/2026 9:24,,2.5,0.06,
4/25/2026 9:25,,2.47,0.06,
4/25/2026 9:26,,2.49,0.06,
4/25/2026 9:27,,2.51,0.06,
4/25/2026 9:28,,2.5,0.06,
4/25/2026 9:29,,2.51,0.06,
4/25/2026 9:30,,2.53,0.06,
4/25/2026 9:31,,2.52,0.06,
4/25/2026 9:32,,2.5,0.06,
4/25/2026 9:33,,2.49,0.06,
4/25/2026 9:34,,2.45,0.06,
4/25/2026 9:35,,2.5,0.06,
4/25/2026 9:36,,2.49,0.06,
4/25/2026 9:37,,2.51,0.06,
4/25/2026 9:38,,2.5,0.06,
4/25/2026 9:39,,2.5,0.06,
4/25/2026 9:40,,2.47,0.06,
4/25/2026 9:41,,2.48,0.06,
4/25/2026 9:42,,2.51,0.06,
4/25/2026 9:43,,2.54,0.06,
4/25/2026 9:44,,2.5,0.06,
4/25/2026 9:45,,2.51,0.06,
4/25/2026 9:46,,2.53,0.05,
4/25/2026 9:47,,2.49,0.05,
4/25/2026 9:48,,2.52,0.05,
4/25/2026 9:49,,2.49,0.05,
4/25/2026 9:50,,2.53,0.05,
4/25/2026 9:51,,2.51,0.05,
4/25/2026 9:52,,2.52,0.05,
4/25/2026 9:53,,2.5,0.05,
4/25/2026 9:54,,2.53,0.05,
4/25/2026 9:55,,2.55,0.05,
4/25/2026 9:56,,2.49,0.05,
4/25/2026 9:57,,2.51,0.05,
4/25/2026 9:58,,2.52,0.05,
4/25/2026 9:59,,2.53,0.05,
4/25/2026 10:00,,2.51,0.05,
4/25/2026 10:01,,2.46,0.05,
4/25/2026 10:02,,2.55,0.05,
4/25/2026 10:03,,2.53,0.05,
4/25/2026 10:04,,2.48,0.05,
4/25/2026 10:05,,2.51,0.05,
4/25/2026 10:06,,2.55,0.05,
4/25/2026 10:07,,2.55,0.05,
4/25/2026 10:08,,2.54,0.05,
4/25/2026 10:09,,2.52,0.05,
4/25/2026 10:10,,2.53,0.05,
4/25/2026 10:11,,2.52,0.05,
4/25/2026 10:12,,2.55,0.05,
4/25/2026 10:13,,2.51,0.04,
4/25/2026 10:14,,2.51,0.04,
4/25/2026 10:15,,2.55,0.04,
4/25/2026 10:16,,2.53,0.04,
4/25/2026 10:17,,2.56,0.04,
4/25/2026 10:18,,2.52,0.04,
4/25/2026 10:19,,2.53,0.04,
4/25/2026 10:20,,2.51,0.04,
4/25/2026 10:21,,2.53,0.04,
4/25/2026 10:22,,2.5,0.04,
4/25/2026 10:23,,2.52,0.04,
4/25/2026 10:24,,2.5,0.04,
4/25/2026 10:25,,2.55,0.04,
4/25/2026 10:26,,2.55,0.04,
4/25/2026 10:27,,2.5,0.04,
4/25/2026 10:28,,2.56,0.04,
4/25/2026 10:29,,2.59,0.04,
4/25/2026 10:30,,2.54,0.04,
4/25/2026 10:31,,2.53,0.04,
4/25/2026 10:32,,2.6,0.04,
4/25/2026 10:33,,2.51,0.04,
4/25/2026 10:34,,2.54,0.04,
4/25/2026 10:35,,2.54,0.04,
4/25/2026 10:36,,2.57,0.04,
4/25/2026 10:37,,2.55,0.04,
4/25/2026 10:38,,2.53,0.03,
4/25/2026 10:39,,2.52,0.03,
4/25/2026 10:40,,2.54,0.03,
4/25/2026 10:41,,2.53,0.03,
4/25/2026 10:42,,2.55,0.03,
4/25/2026 10:43,,2.54,0.03,
4/25/2026 10:44,,2.52,0.03,
4/25/2026 10:45,,2.57,0.03,
4/25/2026 10:46,,2.54,0.03,
4/25/2026 10:47,,2.52,0.03,
4/25/2026 10:48,,2.55,0.03,
4/25/2026 10:49,,2.55,0.03,
4/25/2026 10:50,,2.52,0.03,
4/25/2026 10:51,,2.56,0.03,
4/25/2026 10:52,,2.53,0.03,
4/25/2026 10:53,,2.59,0.03,
4/25/2026 10:54,,2.56,0.03,
4/25/2026 10:55,,2.55,0.03,
4/25/2026 10:56,,2.54,0.03,
4/25/2026 10:57,,2.55,0.03,
4/25/2026 10:58,,2.57,0.03,
4/25/2026 10:59,,2.56,0.03,
4/25/2026 11:00,,2.55,0.03,
4/25/2026 11:01,,2.56,0.03,
4/25/2026 11:02,,2.55,0.02,
4/25/2026 11:03,,2.55,0.02,
4/25/2026 11:04,,2.52,0.02,
4/25/2026 11:05,,2.58,0.02,
4/25/2026 11:06,,2.57,0.02,
4/25/2026 11:07,,2.55,0.02,
4/25/2026 11:08,,2.6,0.02,
4/25/2026 11:09,,2.57,0.02,
4/25/2026 11:10,,2.54,0.02,
4/25/2026 11:11,,2.58,0.02,
4/25/2026 11:12,,2.57,0.02,
4/25/2026 11:13,,2.58,0.02,
4/25/2026 11:14,,2.56,0.02,
4/25/2026 11:15,,2.58,0.02,
4/25/2026 11:16,,2.56,0.02,
4/25/2026 11:17,,2.58,0.02,
4/25/2026 11:18,,2.53,0.02,
4/25/2026 11:19,,2.56,0.02,
4/25/2026 11:20,,2.61,0.02,
4/25/2026 11:21,,2.56,0.02,
4/25/2026 11:22,,2.56,0.02,
4/25/2026 11:23,,2.57,0.02,
4/25/2026 11:24,,2.55,0.02,
4/25/2026 11:25,,2.53,0.02,
4/25/2026 11:26,,2.57,0.01,
4/25/2026 11:27,,2.58,0.01,
4/25/2026 11:28,,2.58,0.01,
4/25/2026 11:29,,2.58,0.01,
4/25/2026 11:30,,2.58,0.01,
4/25/2026 11:31,,2.6,0.01,
4/25/2026 11:32,,2.58,0.01,
4/25/2026 11:33,,2.57,0.01,
4/25/2026 11:34,,2.58,0.01,
4/25/2026 11:35,,2.59,0.01,
4/25/2026 11:36,,2.61,0.01,
4/25/2026 11:37,,2.57,0.01,
4/25/2026 11:38,,2.59,0.01,
4/25/2026 11:39,,2.59,0.01,
4/25/2026 11:40,,2.57,0.01,
4/25/2026 11:41,,2.59,0.01,
4/25/2026 11:42,,2.56,0.01,
4/25/2026 11:43,,2.55,0.01,
4/25/2026 11:44,,2.6,0.01,
4/25/2026 11:45,,2.58,0.01,
4/25/2026 11:46,,2.59,0.01,
4/25/2026 11:47,,2.59,0.01,
4/25/2026 11:48,,2.57,0.01,
4/25/2026 11:49,,2.59,0,
4/25/2026 11:50,,2.57,0,
4/25/2026 11:51,,2.62,0,
4/25/2026 11:52,,2.57,0,
4/25/2026 11:53,,2.59,0,
4/25/2026 11:54,,2.57,0,
4/25/2026 11:55,,2.61,0,
4/25/2026 11:56,,2.59,0,
4/25/2026 11:57,,2.59,0,
4/25/2026 11:58,,2.62,0,
4/25/2026 11:59,,2.6,0,
4/25/2026 12:00,25.5,2.6,0,
